block_id,block_date,corridor_id,section_id,start_time,end_time,duration_minutes,block_type,approval_status,capacity_level
BLK00001,2026-09-14,C1,S04,2026-09-14 00:00:00,2026-09-14 03:00:00,180,Traffic Block,Pending,Partial
BLK00002,2026-09-14,C1,S08,2026-09-14 03:00:00,2026-09-14 06:00:00,180,Traffic Block,Approved,Full
BLK00003,2026-09-14,C1,S18,2026-09-14 10:00:00,2026-09-14 13:00:00,180,Traffic Block,Pending,Partial
BLK00004,2026-09-14,C1,S02,2026-09-14 13:00:00,2026-09-14 16:00:00,180,Traffic Block,Approved,Full
BLK00005,2026-09-14,C1,S08,2026-09-14 22:00:00,2026-09-15 00:00:00,120,Engineering Block,Pending,Full
BLK00006,2026-09-14,C2,S18,2026-09-14 00:00:00,2026-09-14 03:00:00,180,Traffic Block,Pending,Partial
BLK00007,2026-09-14,C2,S08,2026-09-14 03:00:00,2026-09-14 06:00:00,180,Power Block,Pending,Partial
BLK00008,2026-09-14,C2,S01,2026-09-14 10:00:00,2026-09-14 13:00:00,180,Traffic Block,Pending,Partial
BLK00009,2026-09-14,C2,S11,2026-09-14 13:00:00,2026-09-14 16:00:00,180,Power Block,Approved,Full
BLK00010,2026-09-14,C2,S11,2026-09-14 22:00:00,2026-09-15 00:00:00,120,Traffic Block,Approved,Partial
BLK00011,2026-09-14,C3,S04,2026-09-14 00:00:00,2026-09-14 03:00:00,180,Power Block,Approved,Partial
BLK00012,2026-09-14,C3,S02,2026-09-14 03:00:00,2026-09-14 06:00:00,180,Engineering Block,Approved,Full
BLK00013,2026-09-14,C3,S13,2026-09-14 10:00:00,2026-09-14 13:00:00,180,Traffic Block,Pending,Partial
BLK00014,2026-09-14,C3,S20,2026-09-14 13:00:00,2026-09-14 16:00:00,180,Power Block,Pending,Full
BLK00015,2026-09-14,C3,S03,2026-09-14 22:00:00,2026-09-15 00:00:00,120,Traffic Block,Pending,Full
BLK00016,2026-09-14,C4,S10,2026-09-14 00:00:00,2026-09-14 03:00:00,180,Traffic Block,Approved,Full
BLK00017,2026-09-14,C4,S13,2026-09-14 03:00:00,2026-09-14 06:00:00,180,Power Block,Approved,Partial
BLK00018,2026-09-14,C4,S06,2026-09-14 10:00:00,2026-09-14 13:00:00,180,Power Block,Approved,Full
BLK00019,2026-09-14,C4,S09,2026-09-14 13:00:00,2026-09-14 16:00:00,180,Engineering Block,Pending,Full
BLK00020,2026-09-14,C4,S20,2026-09-14 22:00:00,2026-09-15 00:00:00,120,Engineering Block,Approved,Full
BLK00021,2026-09-14,C5,S06,2026-09-14 00:00:00,2026-09-14 03:00:00,180,Power Block,Approved,Partial
BLK00022,2026-09-14,C5,S18,2026-09-14 03:00:00,2026-09-14 06:00:00,180,Traffic Block,Pending,Partial
BLK00023,2026-09-14,C5,S02,2026-09-14 10:00:00,2026-09-14 13:00:00,180,Traffic Block,Approved,Partial
BLK00024,2026-09-14,C5,S13,2026-09-14 13:00:00,2026-09-14 16:00:00,180,Power Block,Approved,Full
BLK00025,2026-09-14,C5,S19,2026-09-14 22:00:00,2026-09-15 00:00:00,120,Engineering Block,Approved,Full
BLK00026,2026-09-15,C1,S16,2026-09-15 00:00:00,2026-09-15 03:00:00,180,Power Block,Pending,Partial
BLK00027,2026-09-15,C1,S05,2026-09-15 03:00:00,2026-09-15 06:00:00,180,Power Block,Approved,Full
BLK00028,2026-09-15,C1,S18,2026-09-15 10:00:00,2026-09-15 13:00:00,180,Engineering Block,Approved,Partial
BLK00029,2026-09-15,C1,S19,2026-09-15 13:00:00,2026-09-15 16:00:00,180,Power Block,Approved,Full
BLK00030,2026-09-15,C1,S05,2026-09-15 22:00:00,2026-09-16 00:00:00,120,Engineering Block,Approved,Full
BLK00031,2026-09-15,C2,S02,2026-09-15 00:00:00,2026-09-15 03:00:00,180,Traffic Block,Approved,Full
BLK00032,2026-09-15,C2,S14,2026-09-15 03:00:00,2026-09-15 06:00:00,180,Engineering Block,Approved,Partial
BLK00033,2026-09-15,C2,S13,2026-09-15 10:00:00,2026-09-15 13:00:00,180,Engineering Block,Approved,Partial
BLK00034,2026-09-15,C2,S18,2026-09-15 13:00:00,2026-09-15 16:00:00,180,Traffic Block,Pending,Full
BLK00035,2026-09-15,C2,S18,2026-09-15 22:00:00,2026-09-16 00:00:00,120,Power Block,Pending,Partial
BLK00036,2026-09-15,C3,S04,2026-09-15 00:00:00,2026-09-15 03:00:00,180,Power Block,Approved,Full
BLK00037,2026-09-15,C3,S15,2026-09-15 03:00:00,2026-09-15 06:00:00,180,Traffic Block,Pending,Partial
BLK00038,2026-09-15,C3,S17,2026-09-15 10:00:00,2026-09-15 13:00:00,180,Traffic Block,Pending,Full
BLK00039,2026-09-15,C3,S10,2026-09-15 13:00:00,2026-09-15 16:00:00,180,Engineering Block,Pending,Full
BLK00040,2026-09-15,C3,S05,2026-09-15 22:00:00,2026-09-16 00:00:00,120,Power Block,Approved,Full
BLK00041,2026-09-15,C4,S20,2026-09-15 00:00:00,2026-09-15 03:00:00,180,Power Block,Approved,Full
BLK00042,2026-09-15,C4,S04,2026-09-15 03:00:00,2026-09-15 06:00:00,180,Power Block,Approved,Full
BLK00043,2026-09-15,C4,S02,2026-09-15 10:00:00,2026-09-15 13:00:00,180,Traffic Block,Pending,Full
BLK00044,2026-09-15,C4,S03,2026-09-15 13:00:00,2026-09-15 16:00:00,180,Engineering Block,Approved,Full
BLK00045,2026-09-15,C4,S18,2026-09-15 22:00:00,2026-09-16 00:00:00,120,Traffic Block,Approved,Partial
BLK00046,2026-09-15,C5,S18,2026-09-15 00:00:00,2026-09-15 03:00:00,180,Traffic Block,Approved,Partial
BLK00047,2026-09-15,C5,S07,2026-09-15 03:00:00,2026-09-15 06:00:00,180,Engineering Block,Pending,Full
BLK00048,2026-09-15,C5,S10,2026-09-15 10:00:00,2026-09-15 13:00:00,180,Power Block,Pending,Partial
BLK00049,2026-09-15,C5,S15,2026-09-15 13:00:00,2026-09-15 16:00:00,180,Engineering Block,Approved,Full
BLK00050,2026-09-15,C5,S08,2026-09-15 22:00:00,2026-09-16 00:00:00,120,Traffic Block,Approved,Partial
BLK00051,2026-09-16,C1,S01,2026-09-16 00:00:00,2026-09-16 03:00:00,180,Engineering Block,Pending,Full
BLK00052,2026-09-16,C1,S19,2026-09-16 03:00:00,2026-09-16 06:00:00,180,Traffic Block,Approved,Full
BLK00053,2026-09-16,C1,S02,2026-09-16 10:00:00,2026-09-16 13:00:00,180,Traffic Block,Approved,Full
BLK00054,2026-09-16,C1,S11,2026-09-16 13:00:00,2026-09-16 16:00:00,180,Traffic Block,Pending,Full
BLK00055,2026-09-16,C1,S09,2026-09-16 22:00:00,2026-09-17 00:00:00,120,Engineering Block,Approved,Full
BLK00056,2026-09-16,C2,S18,2026-09-16 00:00:00,2026-09-16 03:00:00,180,Traffic Block,Pending,Partial
BLK00057,2026-09-16,C2,S08,2026-09-16 03:00:00,2026-09-16 06:00:00,180,Power Block,Approved,Full
BLK00058,2026-09-16,C2,S04,2026-09-16 10:00:00,2026-09-16 13:00:00,180,Traffic Block,Pending,Partial
BLK00059,2026-09-16,C2,S12,2026-09-16 13:00:00,2026-09-16 16:00:00,180,Power Block,Approved,Partial
BLK00060,2026-09-16,C2,S02,2026-09-16 22:00:00,2026-09-17 00:00:00,120,Engineering Block,Pending,Full
BLK00061,2026-09-16,C3,S02,2026-09-16 00:00:00,2026-09-16 03:00:00,180,Power Block,Pending,Partial
BLK00062,2026-09-16,C3,S04,2026-09-16 03:00:00,2026-09-16 06:00:00,180,Traffic Block,Approved,Full
BLK00063,2026-09-16,C3,S18,2026-09-16 10:00:00,2026-09-16 13:00:00,180,Power Block,Approved,Partial
BLK00064,2026-09-16,C3,S06,2026-09-16 13:00:00,2026-09-16 16:00:00,180,Power Block,Approved,Full
BLK00065,2026-09-16,C3,S03,2026-09-16 22:00:00,2026-09-17 00:00:00,120,Power Block,Pending,Full
BLK00066,2026-09-16,C4,S02,2026-09-16 00:00:00,2026-09-16 03:00:00,180,Engineering Block,Pending,Full
BLK00067,2026-09-16,C4,S03,2026-09-16 03:00:00,2026-09-16 06:00:00,180,Traffic Block,Approved,Partial
BLK00068,2026-09-16,C4,S16,2026-09-16 10:00:00,2026-09-16 13:00:00,180,Power Block,Approved,Partial
BLK00069,2026-09-16,C4,S02,2026-09-16 13:00:00,2026-09-16 16:00:00,180,Traffic Block,Approved,Full
BLK00070,2026-09-16,C4,S13,2026-09-16 22:00:00,2026-09-17 00:00:00,120,Power Block,Approved,Partial
BLK00071,2026-09-16,C5,S14,2026-09-16 00:00:00,2026-09-16 03:00:00,180,Engineering Block,Pending,Partial
BLK00072,2026-09-16,C5,S05,2026-09-16 03:00:00,2026-09-16 06:00:00,180,Traffic Block,Approved,Full
BLK00073,2026-09-16,C5,S02,2026-09-16 10:00:00,2026-09-16 13:00:00,180,Engineering Block,Pending,Full
BLK00074,2026-09-16,C5,S11,2026-09-16 13:00:00,2026-09-16 16:00:00,180,Traffic Block,Approved,Partial
BLK00075,2026-09-16,C5,S17,2026-09-16 22:00:00,2026-09-17 00:00:00,120,Engineering Block,Approved,Full
BLK00076,2026-09-17,C1,S17,2026-09-17 00:00:00,2026-09-17 03:00:00,180,Traffic Block,Approved,Full
BLK00077,2026-09-17,C1,S20,2026-09-17 03:00:00,2026-09-17 06:00:00,180,Traffic Block,Pending,Full
BLK00078,2026-09-17,C1,S13,2026-09-17 10:00:00,2026-09-17 13:00:00,180,Traffic Block,Pending,Full
BLK00079,2026-09-17,C1,S19,2026-09-17 13:00:00,2026-09-17 16:00:00,180,Engineering Block,Approved,Full
BLK00080,2026-09-17,C1,S14,2026-09-17 22:00:00,2026-09-18 00:00:00,120,Engineering Block,Pending,Partial
BLK00081,2026-09-17,C2,S09,2026-09-17 00:00:00,2026-09-17 03:00:00,180,Traffic Block,Pending,Partial
BLK00082,2026-09-17,C2,S08,2026-09-17 03:00:00,2026-09-17 06:00:00,180,Power Block,Approved,Full
BLK00083,2026-09-17,C2,S10,2026-09-17 10:00:00,2026-09-17 13:00:00,180,Power Block,Approved,Full
BLK00084,2026-09-17,C2,S01,2026-09-17 13:00:00,2026-09-17 16:00:00,180,Power Block,Pending,Full
BLK00085,2026-09-17,C2,S03,2026-09-17 22:00:00,2026-09-18 00:00:00,120,Engineering Block,Approved,Partial
BLK00086,2026-09-17,C3,S05,2026-09-17 00:00:00,2026-09-17 03:00:00,180,Power Block,Approved,Full
BLK00087,2026-09-17,C3,S12,2026-09-17 03:00:00,2026-09-17 06:00:00,180,Power Block,Approved,Partial
BLK00088,2026-09-17,C3,S18,2026-09-17 10:00:00,2026-09-17 13:00:00,180,Engineering Block,Approved,Full
BLK00089,2026-09-17,C3,S18,2026-09-17 13:00:00,2026-09-17 16:00:00,180,Power Block,Pending,Full
BLK00090,2026-09-17,C3,S05,2026-09-17 22:00:00,2026-09-18 00:00:00,120,Power Block,Approved,Full
BLK00091,2026-09-17,C4,S18,2026-09-17 00:00:00,2026-09-17 03:00:00,180,Traffic Block,Approved,Partial
BLK00092,2026-09-17,C4,S20,2026-09-17 03:00:00,2026-09-17 06:00:00,180,Traffic Block,Pending,Partial
BLK00093,2026-09-17,C4,S07,2026-09-17 10:00:00,2026-09-17 13:00:00,180,Engineering Block,Pending,Partial
BLK00094,2026-09-17,C4,S17,2026-09-17 13:00:00,2026-09-17 16:00:00,180,Power Block,Approved,Full
BLK00095,2026-09-17,C4,S03,2026-09-17 22:00:00,2026-09-18 00:00:00,120,Engineering Block,Approved,Partial
BLK00096,2026-09-17,C5,S02,2026-09-17 00:00:00,2026-09-17 03:00:00,180,Traffic Block,Approved,Full
BLK00097,2026-09-17,C5,S09,2026-09-17 03:00:00,2026-09-17 06:00:00,180,Traffic Block,Pending,Partial
BLK00098,2026-09-17,C5,S18,2026-09-17 10:00:00,2026-09-17 13:00:00,180,Engineering Block,Approved,Full
BLK00099,2026-09-17,C5,S04,2026-09-17 13:00:00,2026-09-17 16:00:00,180,Traffic Block,Pending,Full
BLK00100,2026-09-17,C5,S18,2026-09-17 22:00:00,2026-09-18 00:00:00,120,Traffic Block,Approved,Full
BLK00101,2026-09-18,C1,S14,2026-09-18 00:00:00,2026-09-18 03:00:00,180,Traffic Block,Approved,Partial
BLK00102,2026-09-18,C1,S12,2026-09-18 03:00:00,2026-09-18 06:00:00,180,Traffic Block,Approved,Full
BLK00103,2026-09-18,C1,S08,2026-09-18 10:00:00,2026-09-18 13:00:00,180,Engineering Block,Approved,Partial
BLK00104,2026-09-18,C1,S18,2026-09-18 13:00:00,2026-09-18 16:00:00,180,Power Block,Pending,Full
BLK00105,2026-09-18,C1,S08,2026-09-18 22:00:00,2026-09-19 00:00:00,120,Traffic Block,Approved,Partial
BLK00106,2026-09-18,C2,S01,2026-09-18 00:00:00,2026-09-18 03:00:00,180,Traffic Block,Pending,Partial
BLK00107,2026-09-18,C2,S14,2026-09-18 03:00:00,2026-09-18 06:00:00,180,Engineering Block,Pending,Full
BLK00108,2026-09-18,C2,S09,2026-09-18 10:00:00,2026-09-18 13:00:00,180,Traffic Block,Pending,Full
BLK00109,2026-09-18,C2,S13,2026-09-18 13:00:00,2026-09-18 16:00:00,180,Traffic Block,Approved,Full
BLK00110,2026-09-18,C2,S07,2026-09-18 22:00:00,2026-09-19 00:00:00,120,Power Block,Approved,Partial
BLK00111,2026-09-18,C3,S08,2026-09-18 00:00:00,2026-09-18 03:00:00,180,Traffic Block,Approved,Full
BLK00112,2026-09-18,C3,S13,2026-09-18 03:00:00,2026-09-18 06:00:00,180,Power Block,Approved,Full
BLK00113,2026-09-18,C3,S09,2026-09-18 10:00:00,2026-09-18 13:00:00,180,Power Block,Pending,Partial
BLK00114,2026-09-18,C3,S18,2026-09-18 13:00:00,2026-09-18 16:00:00,180,Power Block,Approved,Full
BLK00115,2026-09-18,C3,S09,2026-09-18 22:00:00,2026-09-19 00:00:00,120,Traffic Block,Pending,Partial
BLK00116,2026-09-18,C4,S02,2026-09-18 00:00:00,2026-09-18 03:00:00,180,Traffic Block,Pending,Partial
BLK00117,2026-09-18,C4,S12,2026-09-18 03:00:00,2026-09-18 06:00:00,180,Engineering Block,Approved,Partial
BLK00118,2026-09-18,C4,S20,2026-09-18 10:00:00,2026-09-18 13:00:00,180,Engineering Block,Approved,Partial
BLK00119,2026-09-18,C4,S19,2026-09-18 13:00:00,2026-09-18 16:00:00,180,Traffic Block,Approved,Full
BLK00120,2026-09-18,C4,S14,2026-09-18 22:00:00,2026-09-19 00:00:00,120,Traffic Block,Pending,Full
BLK00121,2026-09-18,C5,S12,2026-09-18 00:00:00,2026-09-18 03:00:00,180,Power Block,Approved,Partial
BLK00122,2026-09-18,C5,S20,2026-09-18 03:00:00,2026-09-18 06:00:00,180,Power Block,Pending,Full
BLK00123,2026-09-18,C5,S10,2026-09-18 10:00:00,2026-09-18 13:00:00,180,Engineering Block,Approved,Partial
BLK00124,2026-09-18,C5,S11,2026-09-18 13:00:00,2026-09-18 16:00:00,180,Power Block,Pending,Partial
BLK00125,2026-09-18,C5,S18,2026-09-18 22:00:00,2026-09-19 00:00:00,120,Traffic Block,Approved,Partial
BLK00126,2026-09-19,C1,S13,2026-09-19 00:00:00,2026-09-19 03:00:00,180,Engineering Block,Pending,Full
BLK00127,2026-09-19,C1,S20,2026-09-19 03:00:00,2026-09-19 06:00:00,180,Engineering Block,Approved,Partial
BLK00128,2026-09-19,C1,S18,2026-09-19 10:00:00,2026-09-19 13:00:00,180,Traffic Block,Approved,Partial
BLK00129,2026-09-19,C1,S07,2026-09-19 13:00:00,2026-09-19 16:00:00,180,Power Block,Pending,Partial
BLK00130,2026-09-19,C1,S15,2026-09-19 22:00:00,2026-09-20 00:00:00,120,Power Block,Approved,Full
BLK00131,2026-09-19,C2,S17,2026-09-19 00:00:00,2026-09-19 03:00:00,180,Power Block,Pending,Full
BLK00132,2026-09-19,C2,S03,2026-09-19 03:00:00,2026-09-19 06:00:00,180,Power Block,Pending,Partial
BLK00133,2026-09-19,C2,S03,2026-09-19 10:00:00,2026-09-19 13:00:00,180,Traffic Block,Pending,Partial
BLK00134,2026-09-19,C2,S08,2026-09-19 13:00:00,2026-09-19 16:00:00,180,Traffic Block,Approved,Full
BLK00135,2026-09-19,C2,S02,2026-09-19 22:00:00,2026-09-20 00:00:00,120,Traffic Block,Approved,Full
BLK00136,2026-09-19,C3,S15,2026-09-19 00:00:00,2026-09-19 03:00:00,180,Power Block,Pending,Full
BLK00137,2026-09-19,C3,S13,2026-09-19 03:00:00,2026-09-19 06:00:00,180,Power Block,Approved,Full
BLK00138,2026-09-19,C3,S05,2026-09-19 10:00:00,2026-09-19 13:00:00,180,Engineering Block,Pending,Full
BLK00139,2026-09-19,C3,S04,2026-09-19 13:00:00,2026-09-19 16:00:00,180,Power Block,Approved,Full
BLK00140,2026-09-19,C3,S17,2026-09-19 22:00:00,2026-09-20 00:00:00,120,Power Block,Approved,Full
BLK00141,2026-09-19,C4,S04,2026-09-19 00:00:00,2026-09-19 03:00:00,180,Power Block,Approved,Partial
BLK00142,2026-09-19,C4,S17,2026-09-19 03:00:00,2026-09-19 06:00:00,180,Engineering Block,Pending,Partial
BLK00143,2026-09-19,C4,S15,2026-09-19 10:00:00,2026-09-19 13:00:00,180,Engineering Block,Pending,Partial
BLK00144,2026-09-19,C4,S18,2026-09-19 13:00:00,2026-09-19 16:00:00,180,Power Block,Approved,Partial
BLK00145,2026-09-19,C4,S15,2026-09-19 22:00:00,2026-09-20 00:00:00,120,Power Block,Approved,Partial
BLK00146,2026-09-19,C5,S17,2026-09-19 00:00:00,2026-09-19 03:00:00,180,Power Block,Pending,Full
BLK00147,2026-09-19,C5,S09,2026-09-19 03:00:00,2026-09-19 06:00:00,180,Power Block,Approved,Partial
BLK00148,2026-09-19,C5,S08,2026-09-19 10:00:00,2026-09-19 13:00:00,180,Power Block,Approved,Partial
BLK00149,2026-09-19,C5,S18,2026-09-19 13:00:00,2026-09-19 16:00:00,180,Traffic Block,Approved,Full
BLK00150,2026-09-19,C5,S08,2026-09-19 22:00:00,2026-09-20 00:00:00,120,Power Block,Pending,Full
BLK00151,2026-09-20,C1,S07,2026-09-20 00:00:00,2026-09-20 03:00:00,180,Traffic Block,Approved,Partial
BLK00152,2026-09-20,C1,S11,2026-09-20 03:00:00,2026-09-20 06:00:00,180,Engineering Block,Approved,Partial
BLK00153,2026-09-20,C1,S02,2026-09-20 10:00:00,2026-09-20 13:00:00,180,Traffic Block,Approved,Partial
BLK00154,2026-09-20,C1,S19,2026-09-20 13:00:00,2026-09-20 16:00:00,180,Engineering Block,Approved,Partial
BLK00155,2026-09-20,C1,S16,2026-09-20 22:00:00,2026-09-21 00:00:00,120,Traffic Block,Approved,Partial
BLK00156,2026-09-20,C2,S13,2026-09-20 00:00:00,2026-09-20 03:00:00,180,Power Block,Pending,Full
BLK00157,2026-09-20,C2,S16,2026-09-20 03:00:00,2026-09-20 06:00:00,180,Traffic Block,Approved,Partial
BLK00158,2026-09-20,C2,S16,2026-09-20 10:00:00,2026-09-20 13:00:00,180,Traffic Block,Approved,Partial
BLK00159,2026-09-20,C2,S13,2026-09-20 13:00:00,2026-09-20 16:00:00,180,Engineering Block,Approved,Partial
BLK00160,2026-09-20,C2,S05,2026-09-20 22:00:00,2026-09-21 00:00:00,120,Engineering Block,Pending,Full
BLK00161,2026-09-20,C3,S13,2026-09-20 00:00:00,2026-09-20 03:00:00,180,Engineering Block,Pending,Full
BLK00162,2026-09-20,C3,S03,2026-09-20 03:00:00,2026-09-20 06:00:00,180,Engineering Block,Approved,Full
BLK00163,2026-09-20,C3,S15,2026-09-20 10:00:00,2026-09-20 13:00:00,180,Traffic Block,Approved,Partial
BLK00164,2026-09-20,C3,S13,2026-09-20 13:00:00,2026-09-20 16:00:00,180,Power Block,Approved,Partial
BLK00165,2026-09-20,C3,S11,2026-09-20 22:00:00,2026-09-21 00:00:00,120,Power Block,Approved,Partial
BLK00166,2026-09-20,C4,S14,2026-09-20 00:00:00,2026-09-20 03:00:00,180,Power Block,Approved,Partial
BLK00167,2026-09-20,C4,S01,2026-09-20 03:00:00,2026-09-20 06:00:00,180,Engineering Block,Pending,Full
BLK00168,2026-09-20,C4,S12,2026-09-20 10:00:00,2026-09-20 13:00:00,180,Traffic Block,Pending,Full
BLK00169,2026-09-20,C4,S02,2026-09-20 13:00:00,2026-09-20 16:00:00,180,Traffic Block,Approved,Full
BLK00170,2026-09-20,C4,S01,2026-09-20 22:00:00,2026-09-21 00:00:00,120,Engineering Block,Approved,Full
BLK00171,2026-09-20,C5,S05,2026-09-20 00:00:00,2026-09-20 03:00:00,180,Power Block,Pending,Full
BLK00172,2026-09-20,C5,S19,2026-09-20 03:00:00,2026-09-20 06:00:00,180,Traffic Block,Approved,Partial
BLK00173,2026-09-20,C5,S12,2026-09-20 10:00:00,2026-09-20 13:00:00,180,Traffic Block,Pending,Full
BLK00174,2026-09-20,C5,S06,2026-09-20 13:00:00,2026-09-20 16:00:00,180,Power Block,Approved,Full
BLK00175,2026-09-20,C5,S10,2026-09-20 22:00:00,2026-09-21 00:00:00,120,Engineering Block,Pending,Partial
BLK00176,2026-09-21,C1,S13,2026-09-21 00:00:00,2026-09-21 03:00:00,180,Engineering Block,Approved,Full
BLK00177,2026-09-21,C1,S19,2026-09-21 03:00:00,2026-09-21 06:00:00,180,Engineering Block,Pending,Full
BLK00178,2026-09-21,C1,S04,2026-09-21 10:00:00,2026-09-21 13:00:00,180,Engineering Block,Approved,Full
BLK00179,2026-09-21,C1,S19,2026-09-21 13:00:00,2026-09-21 16:00:00,180,Traffic Block,Approved,Partial
BLK00180,2026-09-21,C1,S12,2026-09-21 22:00:00,2026-09-22 00:00:00,120,Traffic Block,Pending,Partial
BLK00181,2026-09-21,C2,S01,2026-09-21 00:00:00,2026-09-21 03:00:00,180,Power Block,Approved,Full
BLK00182,2026-09-21,C2,S14,2026-09-21 03:00:00,2026-09-21 06:00:00,180,Power Block,Pending,Partial
BLK00183,2026-09-21,C2,S05,2026-09-21 10:00:00,2026-09-21 13:00:00,180,Power Block,Approved,Partial
BLK00184,2026-09-21,C2,S20,2026-09-21 13:00:00,2026-09-21 16:00:00,180,Engineering Block,Approved,Partial
BLK00185,2026-09-21,C2,S14,2026-09-21 22:00:00,2026-09-22 00:00:00,120,Engineering Block,Pending,Partial
BLK00186,2026-09-21,C3,S11,2026-09-21 00:00:00,2026-09-21 03:00:00,180,Traffic Block,Approved,Partial
BLK00187,2026-09-21,C3,S15,2026-09-21 03:00:00,2026-09-21 06:00:00,180,Traffic Block,Approved,Partial
BLK00188,2026-09-21,C3,S11,2026-09-21 10:00:00,2026-09-21 13:00:00,180,Traffic Block,Approved,Partial
BLK00189,2026-09-21,C3,S06,2026-09-21 13:00:00,2026-09-21 16:00:00,180,Power Block,Approved,Partial
BLK00190,2026-09-21,C3,S09,2026-09-21 22:00:00,2026-09-22 00:00:00,120,Power Block,Approved,Partial
BLK00191,2026-09-21,C4,S18,2026-09-21 00:00:00,2026-09-21 03:00:00,180,Traffic Block,Pending,Full
BLK00192,2026-09-21,C4,S03,2026-09-21 03:00:00,2026-09-21 06:00:00,180,Traffic Block,Pending,Partial
BLK00193,2026-09-21,C4,S16,2026-09-21 10:00:00,2026-09-21 13:00:00,180,Engineering Block,Approved,Partial
BLK00194,2026-09-21,C4,S16,2026-09-21 13:00:00,2026-09-21 16:00:00,180,Power Block,Approved,Full
BLK00195,2026-09-21,C4,S10,2026-09-21 22:00:00,2026-09-22 00:00:00,120,Traffic Block,Approved,Full
BLK00196,2026-09-21,C5,S10,2026-09-21 00:00:00,2026-09-21 03:00:00,180,Engineering Block,Pending,Partial
BLK00197,2026-09-21,C5,S16,2026-09-21 03:00:00,2026-09-21 06:00:00,180,Engineering Block,Pending,Partial
BLK00198,2026-09-21,C5,S14,2026-09-21 10:00:00,2026-09-21 13:00:00,180,Engineering Block,Pending,Partial
BLK00199,2026-09-21,C5,S12,2026-09-21 13:00:00,2026-09-21 16:00:00,180,Engineering Block,Approved,Partial
BLK00200,2026-09-21,C5,S10,2026-09-21 22:00:00,2026-09-22 00:00:00,120,Power Block,Approved,Full
BLK00201,2026-09-22,C1,S07,2026-09-22 00:00:00,2026-09-22 03:00:00,180,Power Block,Approved,Full
BLK00202,2026-09-22,C1,S07,2026-09-22 03:00:00,2026-09-22 06:00:00,180,Traffic Block,Pending,Partial
BLK00203,2026-09-22,C1,S09,2026-09-22 10:00:00,2026-09-22 13:00:00,180,Engineering Block,Pending,Partial
BLK00204,2026-09-22,C1,S04,2026-09-22 13:00:00,2026-09-22 16:00:00,180,Traffic Block,Approved,Full
BLK00205,2026-09-22,C1,S12,2026-09-22 22:00:00,2026-09-23 00:00:00,120,Traffic Block,Approved,Full
BLK00206,2026-09-22,C2,S18,2026-09-22 00:00:00,2026-09-22 03:00:00,180,Traffic Block,Approved,Full
BLK00207,2026-09-22,C2,S02,2026-09-22 03:00:00,2026-09-22 06:00:00,180,Engineering Block,Approved,Full
BLK00208,2026-09-22,C2,S16,2026-09-22 10:00:00,2026-09-22 13:00:00,180,Traffic Block,Approved,Partial
BLK00209,2026-09-22,C2,S16,2026-09-22 13:00:00,2026-09-22 16:00:00,180,Power Block,Approved,Partial
BLK00210,2026-09-22,C2,S06,2026-09-22 22:00:00,2026-09-23 00:00:00,120,Traffic Block,Approved,Partial
BLK00211,2026-09-22,C3,S04,2026-09-22 00:00:00,2026-09-22 03:00:00,180,Traffic Block,Approved,Partial
BLK00212,2026-09-22,C3,S03,2026-09-22 03:00:00,2026-09-22 06:00:00,180,Engineering Block,Pending,Full
BLK00213,2026-09-22,C3,S05,2026-09-22 10:00:00,2026-09-22 13:00:00,180,Traffic Block,Pending,Partial
BLK00214,2026-09-22,C3,S03,2026-09-22 13:00:00,2026-09-22 16:00:00,180,Traffic Block,Approved,Partial
BLK00215,2026-09-22,C3,S20,2026-09-22 22:00:00,2026-09-23 00:00:00,120,Engineering Block,Pending,Full
BLK00216,2026-09-22,C4,S17,2026-09-22 00:00:00,2026-09-22 03:00:00,180,Power Block,Approved,Partial
BLK00217,2026-09-22,C4,S10,2026-09-22 03:00:00,2026-09-22 06:00:00,180,Engineering Block,Approved,Partial
BLK00218,2026-09-22,C4,S19,2026-09-22 10:00:00,2026-09-22 13:00:00,180,Engineering Block,Approved,Full
BLK00219,2026-09-22,C4,S07,2026-09-22 13:00:00,2026-09-22 16:00:00,180,Engineering Block,Approved,Partial
BLK00220,2026-09-22,C4,S03,2026-09-22 22:00:00,2026-09-23 00:00:00,120,Traffic Block,Approved,Full
BLK00221,2026-09-22,C5,S18,2026-09-22 00:00:00,2026-09-22 03:00:00,180,Traffic Block,Approved,Full
BLK00222,2026-09-22,C5,S14,2026-09-22 03:00:00,2026-09-22 06:00:00,180,Power Block,Pending,Partial
BLK00223,2026-09-22,C5,S10,2026-09-22 10:00:00,2026-09-22 13:00:00,180,Traffic Block,Approved,Partial
BLK00224,2026-09-22,C5,S10,2026-09-22 13:00:00,2026-09-22 16:00:00,180,Engineering Block,Approved,Full
BLK00225,2026-09-22,C5,S08,2026-09-22 22:00:00,2026-09-23 00:00:00,120,Power Block,Pending,Full
BLK00226,2026-09-23,C1,S14,2026-09-23 00:00:00,2026-09-23 03:00:00,180,Traffic Block,Pending,Full
BLK00227,2026-09-23,C1,S05,2026-09-23 03:00:00,2026-09-23 06:00:00,180,Power Block,Approved,Full
BLK00228,2026-09-23,C1,S02,2026-09-23 10:00:00,2026-09-23 13:00:00,180,Traffic Block,Approved,Partial
BLK00229,2026-09-23,C1,S15,2026-09-23 13:00:00,2026-09-23 16:00:00,180,Traffic Block,Approved,Partial
BLK00230,2026-09-23,C1,S13,2026-09-23 22:00:00,2026-09-24 00:00:00,120,Power Block,Pending,Partial
BLK00231,2026-09-23,C2,S15,2026-09-23 00:00:00,2026-09-23 03:00:00,180,Traffic Block,Pending,Full
BLK00232,2026-09-23,C2,S14,2026-09-23 03:00:00,2026-09-23 06:00:00,180,Engineering Block,Approved,Partial
BLK00233,2026-09-23,C2,S01,2026-09-23 10:00:00,2026-09-23 13:00:00,180,Traffic Block,Approved,Full
BLK00234,2026-09-23,C2,S09,2026-09-23 13:00:00,2026-09-23 16:00:00,180,Engineering Block,Approved,Full
BLK00235,2026-09-23,C2,S16,2026-09-23 22:00:00,2026-09-24 00:00:00,120,Engineering Block,Pending,Partial
BLK00236,2026-09-23,C3,S09,2026-09-23 00:00:00,2026-09-23 03:00:00,180,Traffic Block,Pending,Partial
BLK00237,2026-09-23,C3,S16,2026-09-23 03:00:00,2026-09-23 06:00:00,180,Traffic Block,Approved,Partial
BLK00238,2026-09-23,C3,S14,2026-09-23 10:00:00,2026-09-23 13:00:00,180,Power Block,Approved,Full
BLK00239,2026-09-23,C3,S06,2026-09-23 13:00:00,2026-09-23 16:00:00,180,Power Block,Approved,Partial
BLK00240,2026-09-23,C3,S10,2026-09-23 22:00:00,2026-09-24 00:00:00,120,Engineering Block,Approved,Full
BLK00241,2026-09-23,C4,S15,2026-09-23 00:00:00,2026-09-23 03:00:00,180,Traffic Block,Approved,Partial
BLK00242,2026-09-23,C4,S11,2026-09-23 03:00:00,2026-09-23 06:00:00,180,Traffic Block,Approved,Full
BLK00243,2026-09-23,C4,S18,2026-09-23 10:00:00,2026-09-23 13:00:00,180,Power Block,Approved,Full
BLK00244,2026-09-23,C4,S07,2026-09-23 13:00:00,2026-09-23 16:00:00,180,Engineering Block,Approved,Partial
BLK00245,2026-09-23,C4,S15,2026-09-23 22:00:00,2026-09-24 00:00:00,120,Traffic Block,Approved,Partial
BLK00246,2026-09-23,C5,S18,2026-09-23 00:00:00,2026-09-23 03:00:00,180,Traffic Block,Approved,Partial
BLK00247,2026-09-23,C5,S16,2026-09-23 03:00:00,2026-09-23 06:00:00,180,Traffic Block,Approved,Full
BLK00248,2026-09-23,C5,S06,2026-09-23 10:00:00,2026-09-23 13:00:00,180,Power Block,Pending,Full
BLK00249,2026-09-23,C5,S18,2026-09-23 13:00:00,2026-09-23 16:00:00,180,Power Block,Approved,Full
BLK00250,2026-09-23,C5,S04,2026-09-23 22:00:00,2026-09-24 00:00:00,120,Power Block,Approved,Full
BLK00251,2026-09-24,C1,S16,2026-09-24 00:00:00,2026-09-24 03:00:00,180,Engineering Block,Approved,Partial
BLK00252,2026-09-24,C1,S14,2026-09-24 03:00:00,2026-09-24 06:00:00,180,Power Block,Approved,Full
BLK00253,2026-09-24,C1,S15,2026-09-24 10:00:00,2026-09-24 13:00:00,180,Engineering Block,Approved,Partial
BLK00254,2026-09-24,C1,S07,2026-09-24 13:00:00,2026-09-24 16:00:00,180,Engineering Block,Pending,Full
BLK00255,2026-09-24,C1,S03,2026-09-24 22:00:00,2026-09-25 00:00:00,120,Power Block,Approved,Partial
BLK00256,2026-09-24,C2,S17,2026-09-24 00:00:00,2026-09-24 03:00:00,180,Power Block,Approved,Partial
BLK00257,2026-09-24,C2,S10,2026-09-24 03:00:00,2026-09-24 06:00:00,180,Engineering Block,Pending,Partial
BLK00258,2026-09-24,C2,S05,2026-09-24 10:00:00,2026-09-24 13:00:00,180,Power Block,Pending,Partial
BLK00259,2026-09-24,C2,S12,2026-09-24 13:00:00,2026-09-24 16:00:00,180,Power Block,Pending,Partial
BLK00260,2026-09-24,C2,S15,2026-09-24 22:00:00,2026-09-25 00:00:00,120,Power Block,Approved,Full
BLK00261,2026-09-24,C3,S19,2026-09-24 00:00:00,2026-09-24 03:00:00,180,Power Block,Approved,Partial
BLK00262,2026-09-24,C3,S02,2026-09-24 03:00:00,2026-09-24 06:00:00,180,Power Block,Pending,Partial
BLK00263,2026-09-24,C3,S13,2026-09-24 10:00:00,2026-09-24 13:00:00,180,Power Block,Pending,Full
BLK00264,2026-09-24,C3,S16,2026-09-24 13:00:00,2026-09-24 16:00:00,180,Traffic Block,Approved,Partial
BLK00265,2026-09-24,C3,S04,2026-09-24 22:00:00,2026-09-25 00:00:00,120,Power Block,Approved,Partial
BLK00266,2026-09-24,C4,S01,2026-09-24 00:00:00,2026-09-24 03:00:00,180,Engineering Block,Approved,Partial
BLK00267,2026-09-24,C4,S05,2026-09-24 03:00:00,2026-09-24 06:00:00,180,Traffic Block,Approved,Partial
BLK00268,2026-09-24,C4,S11,2026-09-24 10:00:00,2026-09-24 13:00:00,180,Engineering Block,Pending,Partial
BLK00269,2026-09-24,C4,S03,2026-09-24 13:00:00,2026-09-24 16:00:00,180,Power Block,Pending,Partial
BLK00270,2026-09-24,C4,S11,2026-09-24 22:00:00,2026-09-25 00:00:00,120,Engineering Block,Pending,Partial
BLK00271,2026-09-24,C5,S18,2026-09-24 00:00:00,2026-09-24 03:00:00,180,Traffic Block,Pending,Full
BLK00272,2026-09-24,C5,S08,2026-09-24 03:00:00,2026-09-24 06:00:00,180,Engineering Block,Pending,Partial
BLK00273,2026-09-24,C5,S08,2026-09-24 10:00:00,2026-09-24 13:00:00,180,Engineering Block,Approved,Partial
BLK00274,2026-09-24,C5,S04,2026-09-24 13:00:00,2026-09-24 16:00:00,180,Engineering Block,Pending,Full
BLK00275,2026-09-24,C5,S15,2026-09-24 22:00:00,2026-09-25 00:00:00,120,Traffic Block,Pending,Partial
BLK00276,2026-09-25,C1,S01,2026-09-25 00:00:00,2026-09-25 03:00:00,180,Traffic Block,Approved,Full
BLK00277,2026-09-25,C1,S10,2026-09-25 03:00:00,2026-09-25 06:00:00,180,Power Block,Approved,Partial
BLK00278,2026-09-25,C1,S05,2026-09-25 10:00:00,2026-09-25 13:00:00,180,Traffic Block,Pending,Partial
BLK00279,2026-09-25,C1,S19,2026-09-25 13:00:00,2026-09-25 16:00:00,180,Engineering Block,Approved,Full
BLK00280,2026-09-25,C1,S06,2026-09-25 22:00:00,2026-09-26 00:00:00,120,Traffic Block,Pending,Partial
BLK00281,2026-09-25,C2,S20,2026-09-25 00:00:00,2026-09-25 03:00:00,180,Engineering Block,Approved,Partial
BLK00282,2026-09-25,C2,S19,2026-09-25 03:00:00,2026-09-25 06:00:00,180,Traffic Block,Approved,Partial
BLK00283,2026-09-25,C2,S09,2026-09-25 10:00:00,2026-09-25 13:00:00,180,Power Block,Approved,Full
BLK00284,2026-09-25,C2,S15,2026-09-25 13:00:00,2026-09-25 16:00:00,180,Power Block,Pending,Full
BLK00285,2026-09-25,C2,S03,2026-09-25 22:00:00,2026-09-26 00:00:00,120,Power Block,Approved,Partial
BLK00286,2026-09-25,C3,S14,2026-09-25 00:00:00,2026-09-25 03:00:00,180,Engineering Block,Approved,Partial
BLK00287,2026-09-25,C3,S10,2026-09-25 03:00:00,2026-09-25 06:00:00,180,Traffic Block,Approved,Partial
BLK00288,2026-09-25,C3,S04,2026-09-25 10:00:00,2026-09-25 13:00:00,180,Traffic Block,Approved,Partial
BLK00289,2026-09-25,C3,S19,2026-09-25 13:00:00,2026-09-25 16:00:00,180,Power Block,Pending,Partial
BLK00290,2026-09-25,C3,S01,2026-09-25 22:00:00,2026-09-26 00:00:00,120,Engineering Block,Approved,Partial
BLK00291,2026-09-25,C4,S01,2026-09-25 00:00:00,2026-09-25 03:00:00,180,Engineering Block,Pending,Full
BLK00292,2026-09-25,C4,S20,2026-09-25 03:00:00,2026-09-25 06:00:00,180,Engineering Block,Approved,Partial
BLK00293,2026-09-25,C4,S08,2026-09-25 10:00:00,2026-09-25 13:00:00,180,Engineering Block,Approved,Full
BLK00294,2026-09-25,C4,S07,2026-09-25 13:00:00,2026-09-25 16:00:00,180,Engineering Block,Approved,Full
BLK00295,2026-09-25,C4,S04,2026-09-25 22:00:00,2026-09-26 00:00:00,120,Engineering Block,Pending,Full
BLK00296,2026-09-25,C5,S10,2026-09-25 00:00:00,2026-09-25 03:00:00,180,Power Block,Approved,Partial
BLK00297,2026-09-25,C5,S05,2026-09-25 03:00:00,2026-09-25 06:00:00,180,Traffic Block,Approved,Partial
BLK00298,2026-09-25,C5,S14,2026-09-25 10:00:00,2026-09-25 13:00:00,180,Traffic Block,Approved,Full
BLK00299,2026-09-25,C5,S18,2026-09-25 13:00:00,2026-09-25 16:00:00,180,Power Block,Pending,Partial
BLK00300,2026-09-25,C5,S06,2026-09-25 22:00:00,2026-09-26 00:00:00,120,Power Block,Approved,Partial
BLK00301,2026-09-26,C1,S11,2026-09-26 00:00:00,2026-09-26 03:00:00,180,Traffic Block,Approved,Full
BLK00302,2026-09-26,C1,S05,2026-09-26 03:00:00,2026-09-26 06:00:00,180,Traffic Block,Pending,Partial
BLK00303,2026-09-26,C1,S18,2026-09-26 10:00:00,2026-09-26 13:00:00,180,Power Block,Approved,Partial
BLK00304,2026-09-26,C1,S01,2026-09-26 13:00:00,2026-09-26 16:00:00,180,Power Block,Pending,Full
BLK00305,2026-09-26,C1,S15,2026-09-26 22:00:00,2026-09-27 00:00:00,120,Power Block,Pending,Partial
BLK00306,2026-09-26,C2,S19,2026-09-26 00:00:00,2026-09-26 03:00:00,180,Power Block,Pending,Partial
BLK00307,2026-09-26,C2,S04,2026-09-26 03:00:00,2026-09-26 06:00:00,180,Engineering Block,Approved,Partial
BLK00308,2026-09-26,C2,S01,2026-09-26 10:00:00,2026-09-26 13:00:00,180,Engineering Block,Pending,Partial
BLK00309,2026-09-26,C2,S20,2026-09-26 13:00:00,2026-09-26 16:00:00,180,Traffic Block,Pending,Full
BLK00310,2026-09-26,C2,S15,2026-09-26 22:00:00,2026-09-27 00:00:00,120,Engineering Block,Approved,Partial
BLK00311,2026-09-26,C3,S04,2026-09-26 00:00:00,2026-09-26 03:00:00,180,Traffic Block,Approved,Full
BLK00312,2026-09-26,C3,S10,2026-09-26 03:00:00,2026-09-26 06:00:00,180,Power Block,Approved,Full
BLK00313,2026-09-26,C3,S08,2026-09-26 10:00:00,2026-09-26 13:00:00,180,Engineering Block,Approved,Partial
BLK00314,2026-09-26,C3,S15,2026-09-26 13:00:00,2026-09-26 16:00:00,180,Power Block,Pending,Partial
BLK00315,2026-09-26,C3,S19,2026-09-26 22:00:00,2026-09-27 00:00:00,120,Engineering Block,Pending,Full
BLK00316,2026-09-26,C4,S14,2026-09-26 00:00:00,2026-09-26 03:00:00,180,Engineering Block,Approved,Partial
BLK00317,2026-09-26,C4,S20,2026-09-26 03:00:00,2026-09-26 06:00:00,180,Power Block,Approved,Full
BLK00318,2026-09-26,C4,S12,2026-09-26 10:00:00,2026-09-26 13:00:00,180,Traffic Block,Approved,Partial
BLK00319,2026-09-26,C4,S08,2026-09-26 13:00:00,2026-09-26 16:00:00,180,Power Block,Approved,Partial
BLK00320,2026-09-26,C4,S18,2026-09-26 22:00:00,2026-09-27 00:00:00,120,Engineering Block,Approved,Full
BLK00321,2026-09-26,C5,S13,2026-09-26 00:00:00,2026-09-26 03:00:00,180,Power Block,Approved,Full
BLK00322,2026-09-26,C5,S15,2026-09-26 03:00:00,2026-09-26 06:00:00,180,Traffic Block,Pending,Full
BLK00323,2026-09-26,C5,S20,2026-09-26 10:00:00,2026-09-26 13:00:00,180,Traffic Block,Approved,Partial
BLK00324,2026-09-26,C5,S08,2026-09-26 13:00:00,2026-09-26 16:00:00,180,Traffic Block,Pending,Full
BLK00325,2026-09-26,C5,S03,2026-09-26 22:00:00,2026-09-27 00:00:00,120,Engineering Block,Approved,Full
BLK00326,2026-09-27,C1,S08,2026-09-27 00:00:00,2026-09-27 03:00:00,180,Power Block,Approved,Full
BLK00327,2026-09-27,C1,S09,2026-09-27 03:00:00,2026-09-27 06:00:00,180,Traffic Block,Approved,Partial
BLK00328,2026-09-27,C1,S06,2026-09-27 10:00:00,2026-09-27 13:00:00,180,Traffic Block,Pending,Full
BLK00329,2026-09-27,C1,S05,2026-09-27 13:00:00,2026-09-27 16:00:00,180,Traffic Block,Approved,Full
BLK00330,2026-09-27,C1,S19,2026-09-27 22:00:00,2026-09-28 00:00:00,120,Power Block,Approved,Full
BLK00331,2026-09-27,C2,S09,2026-09-27 00:00:00,2026-09-27 03:00:00,180,Traffic Block,Approved,Partial
BLK00332,2026-09-27,C2,S17,2026-09-27 03:00:00,2026-09-27 06:00:00,180,Traffic Block,Pending,Full
BLK00333,2026-09-27,C2,S16,2026-09-27 10:00:00,2026-09-27 13:00:00,180,Power Block,Approved,Full
BLK00334,2026-09-27,C2,S15,2026-09-27 13:00:00,2026-09-27 16:00:00,180,Engineering Block,Approved,Full
BLK00335,2026-09-27,C2,S17,2026-09-27 22:00:00,2026-09-28 00:00:00,120,Power Block,Approved,Full
BLK00336,2026-09-27,C3,S02,2026-09-27 00:00:00,2026-09-27 03:00:00,180,Power Block,Approved,Partial
BLK00337,2026-09-27,C3,S04,2026-09-27 03:00:00,2026-09-27 06:00:00,180,Power Block,Pending,Partial
BLK00338,2026-09-27,C3,S03,2026-09-27 10:00:00,2026-09-27 13:00:00,180,Traffic Block,Approved,Full
BLK00339,2026-09-27,C3,S03,2026-09-27 13:00:00,2026-09-27 16:00:00,180,Traffic Block,Approved,Partial
BLK00340,2026-09-27,C3,S13,2026-09-27 22:00:00,2026-09-28 00:00:00,120,Engineering Block,Pending,Partial
BLK00341,2026-09-27,C4,S15,2026-09-27 00:00:00,2026-09-27 03:00:00,180,Engineering Block,Pending,Partial
BLK00342,2026-09-27,C4,S04,2026-09-27 03:00:00,2026-09-27 06:00:00,180,Engineering Block,Approved,Full
BLK00343,2026-09-27,C4,S14,2026-09-27 10:00:00,2026-09-27 13:00:00,180,Power Block,Approved,Partial
BLK00344,2026-09-27,C4,S11,2026-09-27 13:00:00,2026-09-27 16:00:00,180,Power Block,Approved,Partial
BLK00345,2026-09-27,C4,S04,2026-09-27 22:00:00,2026-09-28 00:00:00,120,Power Block,Approved,Partial
BLK00346,2026-09-27,C5,S09,2026-09-27 00:00:00,2026-09-27 03:00:00,180,Power Block,Approved,Partial
BLK00347,2026-09-27,C5,S03,2026-09-27 03:00:00,2026-09-27 06:00:00,180,Traffic Block,Approved,Full
BLK00348,2026-09-27,C5,S14,2026-09-27 10:00:00,2026-09-27 13:00:00,180,Traffic Block,Pending,Partial
BLK00349,2026-09-27,C5,S05,2026-09-27 13:00:00,2026-09-27 16:00:00,180,Engineering Block,Approved,Partial
BLK00350,2026-09-27,C5,S04,2026-09-27 22:00:00,2026-09-28 00:00:00,120,Power Block,Approved,Partial
BLK00351,2026-09-28,C1,S02,2026-09-28 00:00:00,2026-09-28 03:00:00,180,Power Block,Pending,Partial
BLK00352,2026-09-28,C1,S12,2026-09-28 03:00:00,2026-09-28 06:00:00,180,Traffic Block,Pending,Full
BLK00353,2026-09-28,C1,S05,2026-09-28 10:00:00,2026-09-28 13:00:00,180,Engineering Block,Approved,Full
BLK00354,2026-09-28,C1,S04,2026-09-28 13:00:00,2026-09-28 16:00:00,180,Power Block,Pending,Partial
BLK00355,2026-09-28,C1,S04,2026-09-28 22:00:00,2026-09-29 00:00:00,120,Power Block,Pending,Full
BLK00356,2026-09-28,C2,S14,2026-09-28 00:00:00,2026-09-28 03:00:00,180,Engineering Block,Pending,Full
BLK00357,2026-09-28,C2,S20,2026-09-28 03:00:00,2026-09-28 06:00:00,180,Engineering Block,Pending,Partial
BLK00358,2026-09-28,C2,S01,2026-09-28 10:00:00,2026-09-28 13:00:00,180,Traffic Block,Approved,Partial
BLK00359,2026-09-28,C2,S11,2026-09-28 13:00:00,2026-09-28 16:00:00,180,Power Block,Approved,Full
BLK00360,2026-09-28,C2,S05,2026-09-28 22:00:00,2026-09-29 00:00:00,120,Engineering Block,Pending,Partial
BLK00361,2026-09-28,C3,S03,2026-09-28 00:00:00,2026-09-28 03:00:00,180,Traffic Block,Pending,Full
BLK00362,2026-09-28,C3,S03,2026-09-28 03:00:00,2026-09-28 06:00:00,180,Engineering Block,Pending,Full
BLK00363,2026-09-28,C3,S13,2026-09-28 10:00:00,2026-09-28 13:00:00,180,Power Block,Approved,Partial
BLK00364,2026-09-28,C3,S06,2026-09-28 13:00:00,2026-09-28 16:00:00,180,Power Block,Approved,Partial
BLK00365,2026-09-28,C3,S19,2026-09-28 22:00:00,2026-09-29 00:00:00,120,Engineering Block,Approved,Full
BLK00366,2026-09-28,C4,S05,2026-09-28 00:00:00,2026-09-28 03:00:00,180,Traffic Block,Pending,Full
BLK00367,2026-09-28,C4,S03,2026-09-28 03:00:00,2026-09-28 06:00:00,180,Power Block,Approved,Partial
BLK00368,2026-09-28,C4,S16,2026-09-28 10:00:00,2026-09-28 13:00:00,180,Engineering Block,Approved,Partial
BLK00369,2026-09-28,C4,S09,2026-09-28 13:00:00,2026-09-28 16:00:00,180,Traffic Block,Pending,Full
BLK00370,2026-09-28,C4,S12,2026-09-28 22:00:00,2026-09-29 00:00:00,120,Power Block,Approved,Partial
BLK00371,2026-09-28,C5,S19,2026-09-28 00:00:00,2026-09-28 03:00:00,180,Power Block,Pending,Partial
BLK00372,2026-09-28,C5,S02,2026-09-28 03:00:00,2026-09-28 06:00:00,180,Traffic Block,Approved,Full
BLK00373,2026-09-28,C5,S01,2026-09-28 10:00:00,2026-09-28 13:00:00,180,Traffic Block,Approved,Full
BLK00374,2026-09-28,C5,S05,2026-09-28 13:00:00,2026-09-28 16:00:00,180,Power Block,Approved,Partial
BLK00375,2026-09-28,C5,S04,2026-09-28 22:00:00,2026-09-29 00:00:00,120,Traffic Block,Approved,Partial
BLK00376,2026-09-29,C1,S06,2026-09-29 00:00:00,2026-09-29 03:00:00,180,Traffic Block,Approved,Full
BLK00377,2026-09-29,C1,S17,2026-09-29 03:00:00,2026-09-29 06:00:00,180,Engineering Block,Pending,Partial
BLK00378,2026-09-29,C1,S03,2026-09-29 10:00:00,2026-09-29 13:00:00,180,Power Block,Pending,Full
BLK00379,2026-09-29,C1,S14,2026-09-29 13:00:00,2026-09-29 16:00:00,180,Traffic Block,Approved,Full
BLK00380,2026-09-29,C1,S11,2026-09-29 22:00:00,2026-09-30 00:00:00,120,Engineering Block,Approved,Partial
BLK00381,2026-09-29,C2,S14,2026-09-29 00:00:00,2026-09-29 03:00:00,180,Power Block,Approved,Partial
BLK00382,2026-09-29,C2,S01,2026-09-29 03:00:00,2026-09-29 06:00:00,180,Power Block,Approved,Partial
BLK00383,2026-09-29,C2,S12,2026-09-29 10:00:00,2026-09-29 13:00:00,180,Traffic Block,Approved,Full
BLK00384,2026-09-29,C2,S08,2026-09-29 13:00:00,2026-09-29 16:00:00,180,Power Block,Pending,Partial
BLK00385,2026-09-29,C2,S17,2026-09-29 22:00:00,2026-09-30 00:00:00,120,Traffic Block,Approved,Partial
BLK00386,2026-09-29,C3,S11,2026-09-29 00:00:00,2026-09-29 03:00:00,180,Traffic Block,Approved,Full
BLK00387,2026-09-29,C3,S03,2026-09-29 03:00:00,2026-09-29 06:00:00,180,Engineering Block,Pending,Full
BLK00388,2026-09-29,C3,S17,2026-09-29 10:00:00,2026-09-29 13:00:00,180,Engineering Block,Approved,Partial
BLK00389,2026-09-29,C3,S12,2026-09-29 13:00:00,2026-09-29 16:00:00,180,Engineering Block,Pending,Full
BLK00390,2026-09-29,C3,S08,2026-09-29 22:00:00,2026-09-30 00:00:00,120,Traffic Block,Approved,Partial
BLK00391,2026-09-29,C4,S07,2026-09-29 00:00:00,2026-09-29 03:00:00,180,Traffic Block,Pending,Full
BLK00392,2026-09-29,C4,S03,2026-09-29 03:00:00,2026-09-29 06:00:00,180,Traffic Block,Pending,Partial
BLK00393,2026-09-29,C4,S15,2026-09-29 10:00:00,2026-09-29 13:00:00,180,Engineering Block,Pending,Partial
BLK00394,2026-09-29,C4,S19,2026-09-29 13:00:00,2026-09-29 16:00:00,180,Engineering Block,Pending,Partial
BLK00395,2026-09-29,C4,S11,2026-09-29 22:00:00,2026-09-30 00:00:00,120,Traffic Block,Approved,Full
BLK00396,2026-09-29,C5,S16,2026-09-29 00:00:00,2026-09-29 03:00:00,180,Power Block,Pending,Partial
BLK00397,2026-09-29,C5,S09,2026-09-29 03:00:00,2026-09-29 06:00:00,180,Engineering Block,Approved,Partial
BLK00398,2026-09-29,C5,S17,2026-09-29 10:00:00,2026-09-29 13:00:00,180,Traffic Block,Approved,Partial
BLK00399,2026-09-29,C5,S15,2026-09-29 13:00:00,2026-09-29 16:00:00,180,Traffic Block,Approved,Partial
BLK00400,2026-09-29,C5,S10,2026-09-29 22:00:00,2026-09-30 00:00:00,120,Traffic Block,Pending,Full
BLK00401,2026-09-30,C1,S20,2026-09-30 00:00:00,2026-09-30 03:00:00,180,Engineering Block,Pending,Partial
BLK00402,2026-09-30,C1,S15,2026-09-30 03:00:00,2026-09-30 06:00:00,180,Engineering Block,Pending,Full
BLK00403,2026-09-30,C1,S15,2026-09-30 10:00:00,2026-09-30 13:00:00,180,Engineering Block,Pending,Full
BLK00404,2026-09-30,C1,S11,2026-09-30 13:00:00,2026-09-30 16:00:00,180,Engineering Block,Approved,Full
BLK00405,2026-09-30,C1,S02,2026-09-30 22:00:00,2026-10-01 00:00:00,120,Power Block,Approved,Partial
BLK00406,2026-09-30,C2,S03,2026-09-30 00:00:00,2026-09-30 03:00:00,180,Engineering Block,Pending,Full
BLK00407,2026-09-30,C2,S02,2026-09-30 03:00:00,2026-09-30 06:00:00,180,Traffic Block,Pending,Partial
BLK00408,2026-09-30,C2,S15,2026-09-30 10:00:00,2026-09-30 13:00:00,180,Engineering Block,Pending,Full
BLK00409,2026-09-30,C2,S12,2026-09-30 13:00:00,2026-09-30 16:00:00,180,Power Block,Approved,Partial
BLK00410,2026-09-30,C2,S14,2026-09-30 22:00:00,2026-10-01 00:00:00,120,Power Block,Pending,Full
BLK00411,2026-09-30,C3,S11,2026-09-30 00:00:00,2026-09-30 03:00:00,180,Traffic Block,Approved,Full
BLK00412,2026-09-30,C3,S18,2026-09-30 03:00:00,2026-09-30 06:00:00,180,Engineering Block,Approved,Partial
BLK00413,2026-09-30,C3,S09,2026-09-30 10:00:00,2026-09-30 13:00:00,180,Engineering Block,Pending,Full
BLK00414,2026-09-30,C3,S11,2026-09-30 13:00:00,2026-09-30 16:00:00,180,Traffic Block,Pending,Full
BLK00415,2026-09-30,C3,S12,2026-09-30 22:00:00,2026-10-01 00:00:00,120,Power Block,Pending,Partial
BLK00416,2026-09-30,C4,S05,2026-09-30 00:00:00,2026-09-30 03:00:00,180,Engineering Block,Pending,Full
BLK00417,2026-09-30,C4,S10,2026-09-30 03:00:00,2026-09-30 06:00:00,180,Engineering Block,Approved,Partial
BLK00418,2026-09-30,C4,S05,2026-09-30 10:00:00,2026-09-30 13:00:00,180,Engineering Block,Pending,Full
BLK00419,2026-09-30,C4,S14,2026-09-30 13:00:00,2026-09-30 16:00:00,180,Engineering Block,Approved,Full
BLK00420,2026-09-30,C4,S12,2026-09-30 22:00:00,2026-10-01 00:00:00,120,Power Block,Approved,Full
BLK00421,2026-09-30,C5,S11,2026-09-30 00:00:00,2026-09-30 03:00:00,180,Power Block,Approved,Full
BLK00422,2026-09-30,C5,S05,2026-09-30 03:00:00,2026-09-30 06:00:00,180,Traffic Block,Approved,Partial
BLK00423,2026-09-30,C5,S04,2026-09-30 10:00:00,2026-09-30 13:00:00,180,Engineering Block,Pending,Full
BLK00424,2026-09-30,C5,S11,2026-09-30 13:00:00,2026-09-30 16:00:00,180,Engineering Block,Approved,Partial
BLK00425,2026-09-30,C5,S05,2026-09-30 22:00:00,2026-10-01 00:00:00,120,Traffic Block,Approved,Full
BLK00426,2026-10-01,C1,S15,2026-10-01 00:00:00,2026-10-01 03:00:00,180,Traffic Block,Approved,Partial
BLK00427,2026-10-01,C1,S08,2026-10-01 03:00:00,2026-10-01 06:00:00,180,Power Block,Pending,Partial
BLK00428,2026-10-01,C1,S15,2026-10-01 10:00:00,2026-10-01 13:00:00,180,Traffic Block,Pending,Full
BLK00429,2026-10-01,C1,S10,2026-10-01 13:00:00,2026-10-01 16:00:00,180,Power Block,Approved,Partial
BLK00430,2026-10-01,C1,S19,2026-10-01 22:00:00,2026-10-02 00:00:00,120,Power Block,Approved,Partial
BLK00431,2026-10-01,C2,S13,2026-10-01 00:00:00,2026-10-01 03:00:00,180,Engineering Block,Pending,Partial
BLK00432,2026-10-01,C2,S06,2026-10-01 03:00:00,2026-10-01 06:00:00,180,Traffic Block,Pending,Full
BLK00433,2026-10-01,C2,S09,2026-10-01 10:00:00,2026-10-01 13:00:00,180,Traffic Block,Pending,Partial
BLK00434,2026-10-01,C2,S12,2026-10-01 13:00:00,2026-10-01 16:00:00,180,Engineering Block,Approved,Full
BLK00435,2026-10-01,C2,S10,2026-10-01 22:00:00,2026-10-02 00:00:00,120,Traffic Block,Approved,Partial
BLK00436,2026-10-01,C3,S15,2026-10-01 00:00:00,2026-10-01 03:00:00,180,Engineering Block,Approved,Partial
BLK00437,2026-10-01,C3,S03,2026-10-01 03:00:00,2026-10-01 06:00:00,180,Traffic Block,Approved,Partial
BLK00438,2026-10-01,C3,S01,2026-10-01 10:00:00,2026-10-01 13:00:00,180,Power Block,Approved,Partial
BLK00439,2026-10-01,C3,S17,2026-10-01 13:00:00,2026-10-01 16:00:00,180,Power Block,Approved,Partial
BLK00440,2026-10-01,C3,S03,2026-10-01 22:00:00,2026-10-02 00:00:00,120,Power Block,Approved,Full
BLK00441,2026-10-01,C4,S11,2026-10-01 00:00:00,2026-10-01 03:00:00,180,Traffic Block,Pending,Partial
BLK00442,2026-10-01,C4,S05,2026-10-01 03:00:00,2026-10-01 06:00:00,180,Traffic Block,Approved,Partial
BLK00443,2026-10-01,C4,S16,2026-10-01 10:00:00,2026-10-01 13:00:00,180,Engineering Block,Approved,Partial
BLK00444,2026-10-01,C4,S15,2026-10-01 13:00:00,2026-10-01 16:00:00,180,Engineering Block,Approved,Full
BLK00445,2026-10-01,C4,S01,2026-10-01 22:00:00,2026-10-02 00:00:00,120,Power Block,Approved,Full
BLK00446,2026-10-01,C5,S18,2026-10-01 00:00:00,2026-10-01 03:00:00,180,Engineering Block,Pending,Partial
BLK00447,2026-10-01,C5,S04,2026-10-01 03:00:00,2026-10-01 06:00:00,180,Power Block,Approved,Partial
BLK00448,2026-10-01,C5,S04,2026-10-01 10:00:00,2026-10-01 13:00:00,180,Traffic Block,Approved,Partial
BLK00449,2026-10-01,C5,S20,2026-10-01 13:00:00,2026-10-01 16:00:00,180,Power Block,Approved,Full
BLK00450,2026-10-01,C5,S16,2026-10-01 22:00:00,2026-10-02 00:00:00,120,Engineering Block,Pending,Full
BLK00451,2026-10-02,C1,S17,2026-10-02 00:00:00,2026-10-02 03:00:00,180,Engineering Block,Approved,Full
BLK00452,2026-10-02,C1,S10,2026-10-02 03:00:00,2026-10-02 06:00:00,180,Power Block,Approved,Partial
BLK00453,2026-10-02,C1,S08,2026-10-02 10:00:00,2026-10-02 13:00:00,180,Engineering Block,Approved,Full
BLK00454,2026-10-02,C1,S03,2026-10-02 13:00:00,2026-10-02 16:00:00,180,Engineering Block,Approved,Full
BLK00455,2026-10-02,C1,S17,2026-10-02 22:00:00,2026-10-03 00:00:00,120,Engineering Block,Pending,Full
BLK00456,2026-10-02,C2,S13,2026-10-02 00:00:00,2026-10-02 03:00:00,180,Power Block,Approved,Partial
BLK00457,2026-10-02,C2,S12,2026-10-02 03:00:00,2026-10-02 06:00:00,180,Power Block,Pending,Full
BLK00458,2026-10-02,C2,S12,2026-10-02 10:00:00,2026-10-02 13:00:00,180,Traffic Block,Approved,Full
BLK00459,2026-10-02,C2,S04,2026-10-02 13:00:00,2026-10-02 16:00:00,180,Engineering Block,Pending,Partial
BLK00460,2026-10-02,C2,S05,2026-10-02 22:00:00,2026-10-03 00:00:00,120,Traffic Block,Approved,Partial
BLK00461,2026-10-02,C3,S06,2026-10-02 00:00:00,2026-10-02 03:00:00,180,Engineering Block,Approved,Partial
BLK00462,2026-10-02,C3,S06,2026-10-02 03:00:00,2026-10-02 06:00:00,180,Traffic Block,Approved,Partial
BLK00463,2026-10-02,C3,S02,2026-10-02 10:00:00,2026-10-02 13:00:00,180,Power Block,Approved,Full
BLK00464,2026-10-02,C3,S07,2026-10-02 13:00:00,2026-10-02 16:00:00,180,Traffic Block,Approved,Partial
BLK00465,2026-10-02,C3,S17,2026-10-02 22:00:00,2026-10-03 00:00:00,120,Power Block,Pending,Partial
BLK00466,2026-10-02,C4,S09,2026-10-02 00:00:00,2026-10-02 03:00:00,180,Traffic Block,Pending,Full
BLK00467,2026-10-02,C4,S10,2026-10-02 03:00:00,2026-10-02 06:00:00,180,Power Block,Approved,Partial
BLK00468,2026-10-02,C4,S09,2026-10-02 10:00:00,2026-10-02 13:00:00,180,Traffic Block,Approved,Partial
BLK00469,2026-10-02,C4,S13,2026-10-02 13:00:00,2026-10-02 16:00:00,180,Engineering Block,Approved,Partial
BLK00470,2026-10-02,C4,S11,2026-10-02 22:00:00,2026-10-03 00:00:00,120,Traffic Block,Approved,Partial
BLK00471,2026-10-02,C5,S12,2026-10-02 00:00:00,2026-10-02 03:00:00,180,Engineering Block,Approved,Full
BLK00472,2026-10-02,C5,S14,2026-10-02 03:00:00,2026-10-02 06:00:00,180,Traffic Block,Approved,Full
BLK00473,2026-10-02,C5,S18,2026-10-02 10:00:00,2026-10-02 13:00:00,180,Power Block,Approved,Full
BLK00474,2026-10-02,C5,S03,2026-10-02 13:00:00,2026-10-02 16:00:00,180,Power Block,Pending,Partial
BLK00475,2026-10-02,C5,S10,2026-10-02 22:00:00,2026-10-03 00:00:00,120,Power Block,Pending,Partial
BLK00476,2026-10-03,C1,S06,2026-10-03 00:00:00,2026-10-03 03:00:00,180,Engineering Block,Approved,Partial
BLK00477,2026-10-03,C1,S15,2026-10-03 03:00:00,2026-10-03 06:00:00,180,Traffic Block,Pending,Partial
BLK00478,2026-10-03,C1,S20,2026-10-03 10:00:00,2026-10-03 13:00:00,180,Power Block,Approved,Full
BLK00479,2026-10-03,C1,S03,2026-10-03 13:00:00,2026-10-03 16:00:00,180,Engineering Block,Pending,Partial
BLK00480,2026-10-03,C1,S12,2026-10-03 22:00:00,2026-10-04 00:00:00,120,Engineering Block,Pending,Full
BLK00481,2026-10-03,C2,S01,2026-10-03 00:00:00,2026-10-03 03:00:00,180,Traffic Block,Pending,Partial
BLK00482,2026-10-03,C2,S02,2026-10-03 03:00:00,2026-10-03 06:00:00,180,Traffic Block,Approved,Full
BLK00483,2026-10-03,C2,S12,2026-10-03 10:00:00,2026-10-03 13:00:00,180,Power Block,Approved,Full
BLK00484,2026-10-03,C2,S20,2026-10-03 13:00:00,2026-10-03 16:00:00,180,Traffic Block,Pending,Partial
BLK00485,2026-10-03,C2,S12,2026-10-03 22:00:00,2026-10-04 00:00:00,120,Power Block,Approved,Full
BLK00486,2026-10-03,C3,S19,2026-10-03 00:00:00,2026-10-03 03:00:00,180,Traffic Block,Pending,Partial
BLK00487,2026-10-03,C3,S13,2026-10-03 03:00:00,2026-10-03 06:00:00,180,Power Block,Pending,Partial
BLK00488,2026-10-03,C3,S08,2026-10-03 10:00:00,2026-10-03 13:00:00,180,Traffic Block,Approved,Full
BLK00489,2026-10-03,C3,S16,2026-10-03 13:00:00,2026-10-03 16:00:00,180,Engineering Block,Approved,Full
BLK00490,2026-10-03,C3,S09,2026-10-03 22:00:00,2026-10-04 00:00:00,120,Power Block,Pending,Partial
BLK00491,2026-10-03,C4,S07,2026-10-03 00:00:00,2026-10-03 03:00:00,180,Engineering Block,Approved,Partial
BLK00492,2026-10-03,C4,S07,2026-10-03 03:00:00,2026-10-03 06:00:00,180,Traffic Block,Approved,Full
BLK00493,2026-10-03,C4,S15,2026-10-03 10:00:00,2026-10-03 13:00:00,180,Traffic Block,Pending,Partial
BLK00494,2026-10-03,C4,S03,2026-10-03 13:00:00,2026-10-03 16:00:00,180,Engineering Block,Approved,Partial
BLK00495,2026-10-03,C4,S03,2026-10-03 22:00:00,2026-10-04 00:00:00,120,Engineering Block,Pending,Partial
BLK00496,2026-10-03,C5,S10,2026-10-03 00:00:00,2026-10-03 03:00:00,180,Traffic Block,Pending,Full
BLK00497,2026-10-03,C5,S12,2026-10-03 03:00:00,2026-10-03 06:00:00,180,Engineering Block,Approved,Full
BLK00498,2026-10-03,C5,S07,2026-10-03 10:00:00,2026-10-03 13:00:00,180,Traffic Block,Approved,Partial
BLK00499,2026-10-03,C5,S01,2026-10-03 13:00:00,2026-10-03 16:00:00,180,Power Block,Pending,Partial
BLK00500,2026-10-03,C5,S15,2026-10-03 22:00:00,2026-10-04 00:00:00,120,Engineering Block,Approved,Full
BLK00501,2026-10-04,C1,S03,2026-10-04 00:00:00,2026-10-04 03:00:00,180,Power Block,Approved,Partial
BLK00502,2026-10-04,C1,S17,2026-10-04 03:00:00,2026-10-04 06:00:00,180,Power Block,Approved,Full
BLK00503,2026-10-04,C1,S05,2026-10-04 10:00:00,2026-10-04 13:00:00,180,Power Block,Pending,Full
BLK00504,2026-10-04,C1,S15,2026-10-04 13:00:00,2026-10-04 16:00:00,180,Power Block,Pending,Partial
BLK00505,2026-10-04,C1,S05,2026-10-04 22:00:00,2026-10-05 00:00:00,120,Engineering Block,Pending,Full
BLK00506,2026-10-04,C2,S05,2026-10-04 00:00:00,2026-10-04 03:00:00,180,Power Block,Pending,Full
BLK00507,2026-10-04,C2,S04,2026-10-04 03:00:00,2026-10-04 06:00:00,180,Engineering Block,Approved,Partial
BLK00508,2026-10-04,C2,S06,2026-10-04 10:00:00,2026-10-04 13:00:00,180,Traffic Block,Approved,Full
BLK00509,2026-10-04,C2,S12,2026-10-04 13:00:00,2026-10-04 16:00:00,180,Engineering Block,Approved,Full
BLK00510,2026-10-04,C2,S09,2026-10-04 22:00:00,2026-10-05 00:00:00,120,Traffic Block,Pending,Partial
BLK00511,2026-10-04,C3,S05,2026-10-04 00:00:00,2026-10-04 03:00:00,180,Engineering Block,Approved,Full
BLK00512,2026-10-04,C3,S17,2026-10-04 03:00:00,2026-10-04 06:00:00,180,Engineering Block,Approved,Full
BLK00513,2026-10-04,C3,S06,2026-10-04 10:00:00,2026-10-04 13:00:00,180,Engineering Block,Pending,Partial
BLK00514,2026-10-04,C3,S19,2026-10-04 13:00:00,2026-10-04 16:00:00,180,Traffic Block,Approved,Full
BLK00515,2026-10-04,C3,S02,2026-10-04 22:00:00,2026-10-05 00:00:00,120,Engineering Block,Pending,Partial
BLK00516,2026-10-04,C4,S07,2026-10-04 00:00:00,2026-10-04 03:00:00,180,Engineering Block,Approved,Full
BLK00517,2026-10-04,C4,S16,2026-10-04 03:00:00,2026-10-04 06:00:00,180,Engineering Block,Pending,Partial
BLK00518,2026-10-04,C4,S10,2026-10-04 10:00:00,2026-10-04 13:00:00,180,Power Block,Approved,Partial
BLK00519,2026-10-04,C4,S10,2026-10-04 13:00:00,2026-10-04 16:00:00,180,Power Block,Approved,Full
BLK00520,2026-10-04,C4,S06,2026-10-04 22:00:00,2026-10-05 00:00:00,120,Power Block,Approved,Partial
BLK00521,2026-10-04,C5,S15,2026-10-04 00:00:00,2026-10-04 03:00:00,180,Traffic Block,Approved,Full
BLK00522,2026-10-04,C5,S11,2026-10-04 03:00:00,2026-10-04 06:00:00,180,Engineering Block,Approved,Partial
BLK00523,2026-10-04,C5,S13,2026-10-04 10:00:00,2026-10-04 13:00:00,180,Traffic Block,Approved,Full
BLK00524,2026-10-04,C5,S11,2026-10-04 13:00:00,2026-10-04 16:00:00,180,Traffic Block,Approved,Full
BLK00525,2026-10-04,C5,S09,2026-10-04 22:00:00,2026-10-05 00:00:00,120,Power Block,Approved,Full
BLK00526,2026-10-05,C1,S04,2026-10-05 00:00:00,2026-10-05 03:00:00,180,Traffic Block,Approved,Partial
BLK00527,2026-10-05,C1,S20,2026-10-05 03:00:00,2026-10-05 06:00:00,180,Power Block,Approved,Full
BLK00528,2026-10-05,C1,S11,2026-10-05 10:00:00,2026-10-05 13:00:00,180,Engineering Block,Pending,Partial
BLK00529,2026-10-05,C1,S07,2026-10-05 13:00:00,2026-10-05 16:00:00,180,Traffic Block,Approved,Partial
BLK00530,2026-10-05,C1,S16,2026-10-05 22:00:00,2026-10-06 00:00:00,120,Power Block,Approved,Full
BLK00531,2026-10-05,C2,S03,2026-10-05 00:00:00,2026-10-05 03:00:00,180,Power Block,Pending,Partial
BLK00532,2026-10-05,C2,S08,2026-10-05 03:00:00,2026-10-05 06:00:00,180,Traffic Block,Pending,Partial
BLK00533,2026-10-05,C2,S02,2026-10-05 10:00:00,2026-10-05 13:00:00,180,Traffic Block,Approved,Partial
BLK00534,2026-10-05,C2,S20,2026-10-05 13:00:00,2026-10-05 16:00:00,180,Engineering Block,Pending,Partial
BLK00535,2026-10-05,C2,S10,2026-10-05 22:00:00,2026-10-06 00:00:00,120,Engineering Block,Approved,Full
BLK00536,2026-10-05,C3,S14,2026-10-05 00:00:00,2026-10-05 03:00:00,180,Traffic Block,Approved,Partial
BLK00537,2026-10-05,C3,S13,2026-10-05 03:00:00,2026-10-05 06:00:00,180,Power Block,Approved,Partial
BLK00538,2026-10-05,C3,S02,2026-10-05 10:00:00,2026-10-05 13:00:00,180,Engineering Block,Pending,Full
BLK00539,2026-10-05,C3,S12,2026-10-05 13:00:00,2026-10-05 16:00:00,180,Engineering Block,Approved,Full
BLK00540,2026-10-05,C3,S13,2026-10-05 22:00:00,2026-10-06 00:00:00,120,Engineering Block,Approved,Partial
BLK00541,2026-10-05,C4,S20,2026-10-05 00:00:00,2026-10-05 03:00:00,180,Engineering Block,Pending,Full
BLK00542,2026-10-05,C4,S05,2026-10-05 03:00:00,2026-10-05 06:00:00,180,Traffic Block,Approved,Partial
BLK00543,2026-10-05,C4,S11,2026-10-05 10:00:00,2026-10-05 13:00:00,180,Engineering Block,Approved,Full
BLK00544,2026-10-05,C4,S07,2026-10-05 13:00:00,2026-10-05 16:00:00,180,Engineering Block,Pending,Partial
BLK00545,2026-10-05,C4,S17,2026-10-05 22:00:00,2026-10-06 00:00:00,120,Traffic Block,Approved,Full
BLK00546,2026-10-05,C5,S05,2026-10-05 00:00:00,2026-10-05 03:00:00,180,Engineering Block,Approved,Partial
BLK00547,2026-10-05,C5,S17,2026-10-05 03:00:00,2026-10-05 06:00:00,180,Power Block,Approved,Full
BLK00548,2026-10-05,C5,S11,2026-10-05 10:00:00,2026-10-05 13:00:00,180,Engineering Block,Approved,Full
BLK00549,2026-10-05,C5,S13,2026-10-05 13:00:00,2026-10-05 16:00:00,180,Engineering Block,Pending,Partial
BLK00550,2026-10-05,C5,S19,2026-10-05 22:00:00,2026-10-06 00:00:00,120,Power Block,Pending,Partial
BLK00551,2026-10-06,C1,S19,2026-10-06 00:00:00,2026-10-06 03:00:00,180,Power Block,Approved,Full
BLK00552,2026-10-06,C1,S12,2026-10-06 03:00:00,2026-10-06 06:00:00,180,Power Block,Pending,Full
BLK00553,2026-10-06,C1,S14,2026-10-06 10:00:00,2026-10-06 13:00:00,180,Engineering Block,Approved,Full
BLK00554,2026-10-06,C1,S20,2026-10-06 13:00:00,2026-10-06 16:00:00,180,Power Block,Approved,Full
BLK00555,2026-10-06,C1,S02,2026-10-06 22:00:00,2026-10-07 00:00:00,120,Engineering Block,Approved,Full
BLK00556,2026-10-06,C2,S17,2026-10-06 00:00:00,2026-10-06 03:00:00,180,Engineering Block,Pending,Partial
BLK00557,2026-10-06,C2,S05,2026-10-06 03:00:00,2026-10-06 06:00:00,180,Engineering Block,Approved,Full
BLK00558,2026-10-06,C2,S19,2026-10-06 10:00:00,2026-10-06 13:00:00,180,Engineering Block,Approved,Full
BLK00559,2026-10-06,C2,S01,2026-10-06 13:00:00,2026-10-06 16:00:00,180,Power Block,Approved,Partial
BLK00560,2026-10-06,C2,S05,2026-10-06 22:00:00,2026-10-07 00:00:00,120,Power Block,Pending,Full
BLK00561,2026-10-06,C3,S14,2026-10-06 00:00:00,2026-10-06 03:00:00,180,Engineering Block,Pending,Partial
BLK00562,2026-10-06,C3,S02,2026-10-06 03:00:00,2026-10-06 06:00:00,180,Engineering Block,Approved,Full
BLK00563,2026-10-06,C3,S18,2026-10-06 10:00:00,2026-10-06 13:00:00,180,Power Block,Pending,Partial
BLK00564,2026-10-06,C3,S17,2026-10-06 13:00:00,2026-10-06 16:00:00,180,Power Block,Approved,Full
BLK00565,2026-10-06,C3,S15,2026-10-06 22:00:00,2026-10-07 00:00:00,120,Engineering Block,Approved,Partial
BLK00566,2026-10-06,C4,S09,2026-10-06 00:00:00,2026-10-06 03:00:00,180,Engineering Block,Approved,Full
BLK00567,2026-10-06,C4,S08,2026-10-06 03:00:00,2026-10-06 06:00:00,180,Power Block,Pending,Partial
BLK00568,2026-10-06,C4,S08,2026-10-06 10:00:00,2026-10-06 13:00:00,180,Power Block,Approved,Full
BLK00569,2026-10-06,C4,S16,2026-10-06 13:00:00,2026-10-06 16:00:00,180,Power Block,Approved,Partial
BLK00570,2026-10-06,C4,S18,2026-10-06 22:00:00,2026-10-07 00:00:00,120,Engineering Block,Approved,Partial
BLK00571,2026-10-06,C5,S04,2026-10-06 00:00:00,2026-10-06 03:00:00,180,Engineering Block,Pending,Partial
BLK00572,2026-10-06,C5,S13,2026-10-06 03:00:00,2026-10-06 06:00:00,180,Power Block,Approved,Partial
BLK00573,2026-10-06,C5,S02,2026-10-06 10:00:00,2026-10-06 13:00:00,180,Power Block,Pending,Full
BLK00574,2026-10-06,C5,S12,2026-10-06 13:00:00,2026-10-06 16:00:00,180,Power Block,Pending,Partial
BLK00575,2026-10-06,C5,S16,2026-10-06 22:00:00,2026-10-07 00:00:00,120,Traffic Block,Approved,Partial
BLK00576,2026-10-07,C1,S18,2026-10-07 00:00:00,2026-10-07 03:00:00,180,Engineering Block,Approved,Full
BLK00577,2026-10-07,C1,S04,2026-10-07 03:00:00,2026-10-07 06:00:00,180,Engineering Block,Pending,Full
BLK00578,2026-10-07,C1,S08,2026-10-07 10:00:00,2026-10-07 13:00:00,180,Traffic Block,Pending,Full
BLK00579,2026-10-07,C1,S08,2026-10-07 13:00:00,2026-10-07 16:00:00,180,Traffic Block,Approved,Partial
BLK00580,2026-10-07,C1,S11,2026-10-07 22:00:00,2026-10-08 00:00:00,120,Engineering Block,Approved,Full
BLK00581,2026-10-07,C2,S05,2026-10-07 00:00:00,2026-10-07 03:00:00,180,Traffic Block,Pending,Full
BLK00582,2026-10-07,C2,S14,2026-10-07 03:00:00,2026-10-07 06:00:00,180,Engineering Block,Approved,Partial
BLK00583,2026-10-07,C2,S07,2026-10-07 10:00:00,2026-10-07 13:00:00,180,Power Block,Approved,Partial
BLK00584,2026-10-07,C2,S02,2026-10-07 13:00:00,2026-10-07 16:00:00,180,Traffic Block,Pending,Full
BLK00585,2026-10-07,C2,S18,2026-10-07 22:00:00,2026-10-08 00:00:00,120,Engineering Block,Pending,Full
BLK00586,2026-10-07,C3,S06,2026-10-07 00:00:00,2026-10-07 03:00:00,180,Power Block,Approved,Full
BLK00587,2026-10-07,C3,S13,2026-10-07 03:00:00,2026-10-07 06:00:00,180,Power Block,Approved,Partial
BLK00588,2026-10-07,C3,S02,2026-10-07 10:00:00,2026-10-07 13:00:00,180,Traffic Block,Approved,Full
BLK00589,2026-10-07,C3,S11,2026-10-07 13:00:00,2026-10-07 16:00:00,180,Power Block,Approved,Partial
BLK00590,2026-10-07,C3,S05,2026-10-07 22:00:00,2026-10-08 00:00:00,120,Engineering Block,Approved,Partial
BLK00591,2026-10-07,C4,S07,2026-10-07 00:00:00,2026-10-07 03:00:00,180,Traffic Block,Approved,Full
BLK00592,2026-10-07,C4,S15,2026-10-07 03:00:00,2026-10-07 06:00:00,180,Engineering Block,Approved,Full
BLK00593,2026-10-07,C4,S01,2026-10-07 10:00:00,2026-10-07 13:00:00,180,Engineering Block,Approved,Partial
BLK00594,2026-10-07,C4,S19,2026-10-07 13:00:00,2026-10-07 16:00:00,180,Engineering Block,Approved,Full
BLK00595,2026-10-07,C4,S20,2026-10-07 22:00:00,2026-10-08 00:00:00,120,Engineering Block,Approved,Partial
BLK00596,2026-10-07,C5,S17,2026-10-07 00:00:00,2026-10-07 03:00:00,180,Power Block,Approved,Partial
BLK00597,2026-10-07,C5,S04,2026-10-07 03:00:00,2026-10-07 06:00:00,180,Traffic Block,Approved,Partial
BLK00598,2026-10-07,C5,S11,2026-10-07 10:00:00,2026-10-07 13:00:00,180,Traffic Block,Approved,Partial
BLK00599,2026-10-07,C5,S13,2026-10-07 13:00:00,2026-10-07 16:00:00,180,Traffic Block,Approved,Partial
BLK00600,2026-10-07,C5,S11,2026-10-07 22:00:00,2026-10-08 00:00:00,120,Power Block,Pending,Full
BLK00601,2026-10-08,C1,S09,2026-10-08 00:00:00,2026-10-08 03:00:00,180,Engineering Block,Approved,Full
BLK00602,2026-10-08,C1,S02,2026-10-08 03:00:00,2026-10-08 06:00:00,180,Engineering Block,Approved,Partial
BLK00603,2026-10-08,C1,S10,2026-10-08 10:00:00,2026-10-08 13:00:00,180,Traffic Block,Approved,Partial
BLK00604,2026-10-08,C1,S04,2026-10-08 13:00:00,2026-10-08 16:00:00,180,Engineering Block,Approved,Partial
BLK00605,2026-10-08,C1,S20,2026-10-08 22:00:00,2026-10-09 00:00:00,120,Traffic Block,Approved,Full
BLK00606,2026-10-08,C2,S16,2026-10-08 00:00:00,2026-10-08 03:00:00,180,Traffic Block,Approved,Partial
BLK00607,2026-10-08,C2,S14,2026-10-08 03:00:00,2026-10-08 06:00:00,180,Engineering Block,Pending,Partial
BLK00608,2026-10-08,C2,S18,2026-10-08 10:00:00,2026-10-08 13:00:00,180,Engineering Block,Approved,Full
BLK00609,2026-10-08,C2,S20,2026-10-08 13:00:00,2026-10-08 16:00:00,180,Traffic Block,Pending,Partial
BLK00610,2026-10-08,C2,S17,2026-10-08 22:00:00,2026-10-09 00:00:00,120,Engineering Block,Approved,Full
BLK00611,2026-10-08,C3,S19,2026-10-08 00:00:00,2026-10-08 03:00:00,180,Traffic Block,Approved,Full
BLK00612,2026-10-08,C3,S19,2026-10-08 03:00:00,2026-10-08 06:00:00,180,Engineering Block,Approved,Full
BLK00613,2026-10-08,C3,S11,2026-10-08 10:00:00,2026-10-08 13:00:00,180,Engineering Block,Approved,Full
BLK00614,2026-10-08,C3,S07,2026-10-08 13:00:00,2026-10-08 16:00:00,180,Engineering Block,Pending,Partial
BLK00615,2026-10-08,C3,S03,2026-10-08 22:00:00,2026-10-09 00:00:00,120,Engineering Block,Approved,Full
BLK00616,2026-10-08,C4,S15,2026-10-08 00:00:00,2026-10-08 03:00:00,180,Traffic Block,Pending,Partial
BLK00617,2026-10-08,C4,S15,2026-10-08 03:00:00,2026-10-08 06:00:00,180,Engineering Block,Approved,Partial
BLK00618,2026-10-08,C4,S10,2026-10-08 10:00:00,2026-10-08 13:00:00,180,Engineering Block,Approved,Partial
BLK00619,2026-10-08,C4,S09,2026-10-08 13:00:00,2026-10-08 16:00:00,180,Traffic Block,Pending,Full
BLK00620,2026-10-08,C4,S19,2026-10-08 22:00:00,2026-10-09 00:00:00,120,Traffic Block,Approved,Partial
BLK00621,2026-10-08,C5,S12,2026-10-08 00:00:00,2026-10-08 03:00:00,180,Engineering Block,Approved,Full
BLK00622,2026-10-08,C5,S03,2026-10-08 03:00:00,2026-10-08 06:00:00,180,Power Block,Approved,Partial
BLK00623,2026-10-08,C5,S14,2026-10-08 10:00:00,2026-10-08 13:00:00,180,Traffic Block,Approved,Partial
BLK00624,2026-10-08,C5,S12,2026-10-08 13:00:00,2026-10-08 16:00:00,180,Power Block,Approved,Partial
BLK00625,2026-10-08,C5,S13,2026-10-08 22:00:00,2026-10-09 00:00:00,120,Traffic Block,Pending,Full
BLK00626,2026-10-09,C1,S12,2026-10-09 00:00:00,2026-10-09 03:00:00,180,Traffic Block,Approved,Partial
BLK00627,2026-10-09,C1,S17,2026-10-09 03:00:00,2026-10-09 06:00:00,180,Traffic Block,Pending,Full
BLK00628,2026-10-09,C1,S01,2026-10-09 10:00:00,2026-10-09 13:00:00,180,Traffic Block,Approved,Partial
BLK00629,2026-10-09,C1,S18,2026-10-09 13:00:00,2026-10-09 16:00:00,180,Power Block,Pending,Partial
BLK00630,2026-10-09,C1,S08,2026-10-09 22:00:00,2026-10-10 00:00:00,120,Traffic Block,Approved,Partial
BLK00631,2026-10-09,C2,S05,2026-10-09 00:00:00,2026-10-09 03:00:00,180,Power Block,Approved,Full
BLK00632,2026-10-09,C2,S02,2026-10-09 03:00:00,2026-10-09 06:00:00,180,Engineering Block,Approved,Full
BLK00633,2026-10-09,C2,S08,2026-10-09 10:00:00,2026-10-09 13:00:00,180,Traffic Block,Approved,Full
BLK00634,2026-10-09,C2,S20,2026-10-09 13:00:00,2026-10-09 16:00:00,180,Traffic Block,Approved,Full
BLK00635,2026-10-09,C2,S08,2026-10-09 22:00:00,2026-10-10 00:00:00,120,Engineering Block,Approved,Partial
BLK00636,2026-10-09,C3,S15,2026-10-09 00:00:00,2026-10-09 03:00:00,180,Traffic Block,Pending,Full
BLK00637,2026-10-09,C3,S02,2026-10-09 03:00:00,2026-10-09 06:00:00,180,Traffic Block,Pending,Partial
BLK00638,2026-10-09,C3,S08,2026-10-09 10:00:00,2026-10-09 13:00:00,180,Engineering Block,Pending,Partial
BLK00639,2026-10-09,C3,S19,2026-10-09 13:00:00,2026-10-09 16:00:00,180,Engineering Block,Pending,Partial
BLK00640,2026-10-09,C3,S08,2026-10-09 22:00:00,2026-10-10 00:00:00,120,Power Block,Approved,Full
BLK00641,2026-10-09,C4,S14,2026-10-09 00:00:00,2026-10-09 03:00:00,180,Power Block,Approved,Full
BLK00642,2026-10-09,C4,S18,2026-10-09 03:00:00,2026-10-09 06:00:00,180,Engineering Block,Pending,Full
BLK00643,2026-10-09,C4,S14,2026-10-09 10:00:00,2026-10-09 13:00:00,180,Engineering Block,Approved,Full
BLK00644,2026-10-09,C4,S12,2026-10-09 13:00:00,2026-10-09 16:00:00,180,Engineering Block,Pending,Partial
BLK00645,2026-10-09,C4,S17,2026-10-09 22:00:00,2026-10-10 00:00:00,120,Power Block,Pending,Partial
BLK00646,2026-10-09,C5,S14,2026-10-09 00:00:00,2026-10-09 03:00:00,180,Traffic Block,Approved,Partial
BLK00647,2026-10-09,C5,S06,2026-10-09 03:00:00,2026-10-09 06:00:00,180,Engineering Block,Approved,Full
BLK00648,2026-10-09,C5,S08,2026-10-09 10:00:00,2026-10-09 13:00:00,180,Power Block,Pending,Full
BLK00649,2026-10-09,C5,S15,2026-10-09 13:00:00,2026-10-09 16:00:00,180,Traffic Block,Pending,Partial
BLK00650,2026-10-09,C5,S14,2026-10-09 22:00:00,2026-10-10 00:00:00,120,Engineering Block,Pending,Full
BLK00651,2026-10-10,C1,S13,2026-10-10 00:00:00,2026-10-10 03:00:00,180,Traffic Block,Approved,Full
BLK00652,2026-10-10,C1,S11,2026-10-10 03:00:00,2026-10-10 06:00:00,180,Engineering Block,Approved,Partial
BLK00653,2026-10-10,C1,S12,2026-10-10 10:00:00,2026-10-10 13:00:00,180,Traffic Block,Pending,Full
BLK00654,2026-10-10,C1,S02,2026-10-10 13:00:00,2026-10-10 16:00:00,180,Power Block,Approved,Full
BLK00655,2026-10-10,C1,S03,2026-10-10 22:00:00,2026-10-11 00:00:00,120,Traffic Block,Pending,Full
BLK00656,2026-10-10,C2,S16,2026-10-10 00:00:00,2026-10-10 03:00:00,180,Traffic Block,Approved,Partial
BLK00657,2026-10-10,C2,S01,2026-10-10 03:00:00,2026-10-10 06:00:00,180,Traffic Block,Approved,Full
BLK00658,2026-10-10,C2,S16,2026-10-10 10:00:00,2026-10-10 13:00:00,180,Traffic Block,Pending,Full
BLK00659,2026-10-10,C2,S13,2026-10-10 13:00:00,2026-10-10 16:00:00,180,Traffic Block,Pending,Partial
BLK00660,2026-10-10,C2,S10,2026-10-10 22:00:00,2026-10-11 00:00:00,120,Power Block,Approved,Partial
BLK00661,2026-10-10,C3,S10,2026-10-10 00:00:00,2026-10-10 03:00:00,180,Power Block,Approved,Partial
BLK00662,2026-10-10,C3,S15,2026-10-10 03:00:00,2026-10-10 06:00:00,180,Traffic Block,Pending,Partial
BLK00663,2026-10-10,C3,S11,2026-10-10 10:00:00,2026-10-10 13:00:00,180,Traffic Block,Approved,Partial
BLK00664,2026-10-10,C3,S14,2026-10-10 13:00:00,2026-10-10 16:00:00,180,Traffic Block,Pending,Full
BLK00665,2026-10-10,C3,S05,2026-10-10 22:00:00,2026-10-11 00:00:00,120,Traffic Block,Approved,Partial
BLK00666,2026-10-10,C4,S10,2026-10-10 00:00:00,2026-10-10 03:00:00,180,Traffic Block,Approved,Partial
BLK00667,2026-10-10,C4,S08,2026-10-10 03:00:00,2026-10-10 06:00:00,180,Power Block,Pending,Full
BLK00668,2026-10-10,C4,S16,2026-10-10 10:00:00,2026-10-10 13:00:00,180,Engineering Block,Pending,Partial
BLK00669,2026-10-10,C4,S09,2026-10-10 13:00:00,2026-10-10 16:00:00,180,Power Block,Pending,Partial
BLK00670,2026-10-10,C4,S15,2026-10-10 22:00:00,2026-10-11 00:00:00,120,Traffic Block,Pending,Partial
BLK00671,2026-10-10,C5,S06,2026-10-10 00:00:00,2026-10-10 03:00:00,180,Traffic Block,Pending,Partial
BLK00672,2026-10-10,C5,S06,2026-10-10 03:00:00,2026-10-10 06:00:00,180,Engineering Block,Pending,Full
BLK00673,2026-10-10,C5,S17,2026-10-10 10:00:00,2026-10-10 13:00:00,180,Traffic Block,Approved,Full
BLK00674,2026-10-10,C5,S01,2026-10-10 13:00:00,2026-10-10 16:00:00,180,Power Block,Approved,Full
BLK00675,2026-10-10,C5,S03,2026-10-10 22:00:00,2026-10-11 00:00:00,120,Engineering Block,Approved,Full
BLK00676,2026-10-11,C1,S07,2026-10-11 00:00:00,2026-10-11 03:00:00,180,Engineering Block,Approved,Partial
BLK00677,2026-10-11,C1,S02,2026-10-11 03:00:00,2026-10-11 06:00:00,180,Engineering Block,Pending,Partial
BLK00678,2026-10-11,C1,S16,2026-10-11 10:00:00,2026-10-11 13:00:00,180,Traffic Block,Approved,Partial
BLK00679,2026-10-11,C1,S01,2026-10-11 13:00:00,2026-10-11 16:00:00,180,Traffic Block,Pending,Partial
BLK00680,2026-10-11,C1,S18,2026-10-11 22:00:00,2026-10-12 00:00:00,120,Power Block,Approved,Partial
BLK00681,2026-10-11,C2,S06,2026-10-11 00:00:00,2026-10-11 03:00:00,180,Traffic Block,Approved,Full
BLK00682,2026-10-11,C2,S08,2026-10-11 03:00:00,2026-10-11 06:00:00,180,Traffic Block,Pending,Partial
BLK00683,2026-10-11,C2,S12,2026-10-11 10:00:00,2026-10-11 13:00:00,180,Power Block,Approved,Full
BLK00684,2026-10-11,C2,S12,2026-10-11 13:00:00,2026-10-11 16:00:00,180,Power Block,Approved,Full
BLK00685,2026-10-11,C2,S08,2026-10-11 22:00:00,2026-10-12 00:00:00,120,Power Block,Pending,Full
BLK00686,2026-10-11,C3,S02,2026-10-11 00:00:00,2026-10-11 03:00:00,180,Traffic Block,Approved,Partial
BLK00687,2026-10-11,C3,S13,2026-10-11 03:00:00,2026-10-11 06:00:00,180,Engineering Block,Approved,Full
BLK00688,2026-10-11,C3,S01,2026-10-11 10:00:00,2026-10-11 13:00:00,180,Engineering Block,Approved,Full
BLK00689,2026-10-11,C3,S16,2026-10-11 13:00:00,2026-10-11 16:00:00,180,Power Block,Pending,Partial
BLK00690,2026-10-11,C3,S19,2026-10-11 22:00:00,2026-10-12 00:00:00,120,Traffic Block,Pending,Full
BLK00691,2026-10-11,C4,S08,2026-10-11 00:00:00,2026-10-11 03:00:00,180,Traffic Block,Pending,Partial
BLK00692,2026-10-11,C4,S09,2026-10-11 03:00:00,2026-10-11 06:00:00,180,Traffic Block,Approved,Partial
BLK00693,2026-10-11,C4,S18,2026-10-11 10:00:00,2026-10-11 13:00:00,180,Engineering Block,Pending,Full
BLK00694,2026-10-11,C4,S06,2026-10-11 13:00:00,2026-10-11 16:00:00,180,Power Block,Approved,Full
BLK00695,2026-10-11,C4,S19,2026-10-11 22:00:00,2026-10-12 00:00:00,120,Traffic Block,Pending,Partial
BLK00696,2026-10-11,C5,S03,2026-10-11 00:00:00,2026-10-11 03:00:00,180,Power Block,Approved,Full
BLK00697,2026-10-11,C5,S19,2026-10-11 03:00:00,2026-10-11 06:00:00,180,Power Block,Pending,Partial
BLK00698,2026-10-11,C5,S13,2026-10-11 10:00:00,2026-10-11 13:00:00,180,Engineering Block,Approved,Full
BLK00699,2026-10-11,C5,S17,2026-10-11 13:00:00,2026-10-11 16:00:00,180,Engineering Block,Approved,Full
BLK00700,2026-10-11,C5,S04,2026-10-11 22:00:00,2026-10-12 00:00:00,120,Power Block,Approved,Full
BLK00701,2026-10-12,C1,S11,2026-10-12 00:00:00,2026-10-12 03:00:00,180,Engineering Block,Pending,Partial
BLK00702,2026-10-12,C1,S11,2026-10-12 03:00:00,2026-10-12 06:00:00,180,Traffic Block,Pending,Partial
BLK00703,2026-10-12,C1,S15,2026-10-12 10:00:00,2026-10-12 13:00:00,180,Power Block,Approved,Partial
BLK00704,2026-10-12,C1,S18,2026-10-12 13:00:00,2026-10-12 16:00:00,180,Power Block,Approved,Full
BLK00705,2026-10-12,C1,S19,2026-10-12 22:00:00,2026-10-13 00:00:00,120,Engineering Block,Approved,Full
BLK00706,2026-10-12,C2,S20,2026-10-12 00:00:00,2026-10-12 03:00:00,180,Power Block,Approved,Full
BLK00707,2026-10-12,C2,S03,2026-10-12 03:00:00,2026-10-12 06:00:00,180,Power Block,Approved,Partial
BLK00708,2026-10-12,C2,S05,2026-10-12 10:00:00,2026-10-12 13:00:00,180,Engineering Block,Approved,Partial
BLK00709,2026-10-12,C2,S12,2026-10-12 13:00:00,2026-10-12 16:00:00,180,Traffic Block,Approved,Full
BLK00710,2026-10-12,C2,S10,2026-10-12 22:00:00,2026-10-13 00:00:00,120,Power Block,Approved,Partial
BLK00711,2026-10-12,C3,S04,2026-10-12 00:00:00,2026-10-12 03:00:00,180,Traffic Block,Approved,Full
BLK00712,2026-10-12,C3,S14,2026-10-12 03:00:00,2026-10-12 06:00:00,180,Power Block,Pending,Partial
BLK00713,2026-10-12,C3,S04,2026-10-12 10:00:00,2026-10-12 13:00:00,180,Traffic Block,Approved,Partial
BLK00714,2026-10-12,C3,S18,2026-10-12 13:00:00,2026-10-12 16:00:00,180,Traffic Block,Pending,Partial
BLK00715,2026-10-12,C3,S13,2026-10-12 22:00:00,2026-10-13 00:00:00,120,Traffic Block,Approved,Partial
BLK00716,2026-10-12,C4,S13,2026-10-12 00:00:00,2026-10-12 03:00:00,180,Traffic Block,Pending,Full
BLK00717,2026-10-12,C4,S19,2026-10-12 03:00:00,2026-10-12 06:00:00,180,Engineering Block,Approved,Partial
BLK00718,2026-10-12,C4,S06,2026-10-12 10:00:00,2026-10-12 13:00:00,180,Traffic Block,Approved,Partial
BLK00719,2026-10-12,C4,S09,2026-10-12 13:00:00,2026-10-12 16:00:00,180,Power Block,Approved,Full
BLK00720,2026-10-12,C4,S06,2026-10-12 22:00:00,2026-10-13 00:00:00,120,Power Block,Approved,Partial
BLK00721,2026-10-12,C5,S10,2026-10-12 00:00:00,2026-10-12 03:00:00,180,Power Block,Approved,Partial
BLK00722,2026-10-12,C5,S09,2026-10-12 03:00:00,2026-10-12 06:00:00,180,Traffic Block,Pending,Partial
BLK00723,2026-10-12,C5,S20,2026-10-12 10:00:00,2026-10-12 13:00:00,180,Engineering Block,Approved,Partial
BLK00724,2026-10-12,C5,S04,2026-10-12 13:00:00,2026-10-12 16:00:00,180,Traffic Block,Approved,Full
BLK00725,2026-10-12,C5,S13,2026-10-12 22:00:00,2026-10-13 00:00:00,120,Power Block,Pending,Partial
BLK00726,2026-10-13,C1,S11,2026-10-13 00:00:00,2026-10-13 03:00:00,180,Power Block,Approved,Partial
BLK00727,2026-10-13,C1,S20,2026-10-13 03:00:00,2026-10-13 06:00:00,180,Traffic Block,Approved,Partial
BLK00728,2026-10-13,C1,S20,2026-10-13 10:00:00,2026-10-13 13:00:00,180,Engineering Block,Approved,Partial
BLK00729,2026-10-13,C1,S11,2026-10-13 13:00:00,2026-10-13 16:00:00,180,Traffic Block,Approved,Partial
BLK00730,2026-10-13,C1,S10,2026-10-13 22:00:00,2026-10-14 00:00:00,120,Engineering Block,Pending,Partial
BLK00731,2026-10-13,C2,S19,2026-10-13 00:00:00,2026-10-13 03:00:00,180,Traffic Block,Approved,Partial
BLK00732,2026-10-13,C2,S09,2026-10-13 03:00:00,2026-10-13 06:00:00,180,Power Block,Approved,Full
BLK00733,2026-10-13,C2,S19,2026-10-13 10:00:00,2026-10-13 13:00:00,180,Traffic Block,Pending,Full
BLK00734,2026-10-13,C2,S18,2026-10-13 13:00:00,2026-10-13 16:00:00,180,Traffic Block,Pending,Partial
BLK00735,2026-10-13,C2,S07,2026-10-13 22:00:00,2026-10-14 00:00:00,120,Power Block,Approved,Full
BLK00736,2026-10-13,C3,S14,2026-10-13 00:00:00,2026-10-13 03:00:00,180,Engineering Block,Approved,Full
BLK00737,2026-10-13,C3,S10,2026-10-13 03:00:00,2026-10-13 06:00:00,180,Traffic Block,Approved,Full
BLK00738,2026-10-13,C3,S14,2026-10-13 10:00:00,2026-10-13 13:00:00,180,Power Block,Approved,Partial
BLK00739,2026-10-13,C3,S20,2026-10-13 13:00:00,2026-10-13 16:00:00,180,Power Block,Pending,Partial
BLK00740,2026-10-13,C3,S18,2026-10-13 22:00:00,2026-10-14 00:00:00,120,Engineering Block,Pending,Partial
BLK00741,2026-10-13,C4,S18,2026-10-13 00:00:00,2026-10-13 03:00:00,180,Traffic Block,Approved,Full
BLK00742,2026-10-13,C4,S04,2026-10-13 03:00:00,2026-10-13 06:00:00,180,Traffic Block,Pending,Partial
BLK00743,2026-10-13,C4,S06,2026-10-13 10:00:00,2026-10-13 13:00:00,180,Engineering Block,Pending,Full
BLK00744,2026-10-13,C4,S19,2026-10-13 13:00:00,2026-10-13 16:00:00,180,Engineering Block,Pending,Partial
BLK00745,2026-10-13,C4,S11,2026-10-13 22:00:00,2026-10-14 00:00:00,120,Power Block,Approved,Full
BLK00746,2026-10-13,C5,S04,2026-10-13 00:00:00,2026-10-13 03:00:00,180,Power Block,Approved,Full
BLK00747,2026-10-13,C5,S15,2026-10-13 03:00:00,2026-10-13 06:00:00,180,Power Block,Approved,Partial
BLK00748,2026-10-13,C5,S19,2026-10-13 10:00:00,2026-10-13 13:00:00,180,Engineering Block,Pending,Full
BLK00749,2026-10-13,C5,S12,2026-10-13 13:00:00,2026-10-13 16:00:00,180,Traffic Block,Approved,Full
BLK00750,2026-10-13,C5,S10,2026-10-13 22:00:00,2026-10-14 00:00:00,120,Power Block,Approved,Full
