task_id,asset_id,asset_type,department,corridor_id,section_id,maintenance_type,defect_description,last_maintenance_date,maintenance_interval_days,next_due_date,overdue_days,condition_score,asset_age_years,failure_count_12m,safety_criticality,operational_criticality,estimated_duration_minutes,duration_buffer_minutes,required_team,required_block_type,required_resources,status
T0001,TRD_036,OHE,TRD,CORR_01,SEC_A_B,Preventive,Operational reliability issue,2024-08-21,60,2024-10-20,693,2.53,2.0,8,8,10,420,30,TRD_TEAM_A,OHE Block,TRD_TEAM_A|OHE_VEHICLE_02,Pending
T0002,ENG_001,Points,Engineering,CORR_01,SEC_E_F,Inspection,Condition deterioration detected,2025-06-05,90,2025-09-03,375,4.88,13.9,1,6,8,45,10,TRACK_TEAM_A,Engineering Block,TRACK_TEAM_A|TOOLS_01,Pending
T0003,S&T_080,Signal,S&T,CORR_01,SEC_E_F,Inspection,Inspection overdue,2025-07-18,90,2025-10-16,332,7.43,30.5,0,6,7,45,15,SNT_TEAM_B,Signal Block,SNT_TEAM_B|SNT_TEAM_A,Pending
T0004,TRD_078,Mast,TRD,CORR_01,SEC_B_C,Corrective,Safety-related defect,2023-08-05,90,2023-11-03,1045,3.64,8.8,3,7,6,120,10,TRD_TEAM_A,OHE Block,TRD_TEAM_A|TRD_TEAM_B,Deferred
T0005,ENG_059,Points,Engineering,CORR_01,SEC_G_H,Preventive,Repeated minor failure,2024-08-23,60,2024-10-22,691,2.18,14.6,6,10,10,420,60,TRACK_TEAM_A,Engineering Block,TRACK_TEAM_A|TRACK_TEAM_B,Deferred
T0006,TRD_077,Contact Wire,TRD,CORR_01,SEC_G_H,Preventive,Condition deterioration detected,2025-11-07,60,2026-01-06,250,6.2,4.8,4,3,4,90,20,TRD_TEAM_B,OHE Block,TRD_TEAM_B|OHE_VEHICLE_02,Pending
T0007,TRD_020,Mast,TRD,CORR_01,SEC_D_E,Preventive,Condition deterioration detected,2025-02-19,60,2027-01-04,0,8.93,32.6,4,8,10,30,10,TRD_TEAM_A,OHE Block,TRD_TEAM_A|TRD_TEAM_B,Pending
T0008,TRD_061,Contact Wire,TRD,CORR_01,SEC_C_D,Inspection,Condition deterioration detected,2025-07-04,120,2025-11-01,316,8.61,34.8,3,6,6,90,30,TRD_TEAM_B,OHE Block,TRD_TEAM_B|TRD_TEAM_A,Pending
T0009,S&T_076,Signal,S&T,CORR_01,SEC_D_E,Preventive,Operational reliability issue,2026-02-19,60,2026-04-20,146,0.68,9.1,4,8,9,240,60,SNT_TEAM_B,Signal Block,SNT_TEAM_B|SNT_TEAM_A,Pending
T0010,ENG_056,Track,Engineering,CORR_01,SEC_B_C,Preventive,Inspection overdue,2024-06-24,180,2024-12-21,631,7.21,9.5,0,3,9,120,10,TRACK_TEAM_B,Engineering Block,TRACK_TEAM_B|TRACK_TEAM_A,Pending
T0011,ENG_007,Points,Engineering,CORR_01,SEC_B_C,Corrective,Component replacement required,2025-08-30,30,2026-09-14,0,9.28,8.3,1,5,9,180,30,TRACK_TEAM_B,Engineering Block,TRACK_TEAM_B|TAMPER_MACHINE_01,Deferred
T0012,S&T_020,Telecom,S&T,CORR_01,SEC_H_I,Preventive,Condition deterioration detected,2026-03-26,180,2026-11-18,0,6.55,20.9,4,3,8,30,10,SNT_TEAM_A,Signal Block,SNT_TEAM_A|SNT_TEAM_B,Pending
T0013,TRD_016,Contact Wire,TRD,CORR_01,SEC_G_H,Inspection,Component replacement required,2025-03-05,60,2025-05-04,497,6.66,7.9,4,4,9,120,20,TRD_TEAM_A,OHE Block,TRD_TEAM_A|OHE_VEHICLE_02,Pending
T0014,S&T_059,Signal,S&T,CORR_01,SEC_A_B,Corrective,Routine preventive maintenance,2025-06-26,90,2026-12-29,0,3.01,30.9,1,7,5,120,10,SNT_TEAM_B,Signal Block,SNT_TEAM_B|TEST_EQUIPMENT_02,In Progress
T0015,TRD_018,Mast,TRD,CORR_01,SEC_B_C,Preventive,Repeated minor failure,2024-10-27,30,2026-11-07,0,3.59,18.2,2,6,8,75,20,TRD_TEAM_B,OHE Block,TRD_TEAM_B|TRD_TEAM_A,Pending
T0016,TRD_057,Mast,TRD,CORR_01,SEC_C_D,Corrective,Inspection overdue,2025-02-21,90,2025-05-22,479,3.28,5.3,1,3,8,60,30,TRD_TEAM_A,OHE Block,TRD_TEAM_A|OHE_VEHICLE_01,Pending
T0017,TRD_072,OHE,TRD,CORR_01,SEC_F_G,Inspection,Condition deterioration detected,2025-04-11,120,2025-08-09,400,7.75,7.1,1,5,5,150,10,TRD_TEAM_A,OHE Block,TRD_TEAM_A|OHE_VEHICLE_01,Pending
T0018,S&T_029,Signal,S&T,CORR_01,SEC_H_I,Preventive,Safety-related defect,2023-10-21,90,2024-01-19,968,4.64,12.2,1,6,3,75,30,SNT_TEAM_B,Signal Block,SNT_TEAM_B|TEST_EQUIPMENT_02,In Progress
T0019,ENG_023,Track,Engineering,CORR_01,SEC_E_F,Corrective,Inspection overdue,2024-06-24,90,2026-11-08,0,3.26,14.1,3,8,8,150,10,TRACK_TEAM_A,Engineering Block,TRACK_TEAM_A|TOOLS_01,Deferred
T0020,S&T_043,Telecom,S&T,CORR_01,SEC_B_C,Corrective,Repeated minor failure,2026-07-10,60,2026-12-08,0,7.54,24.7,2,7,9,120,30,SNT_TEAM_B,Signal Block,SNT_TEAM_B|TEST_EQUIPMENT_02,Pending
T0021,TRD_071,Mast,TRD,CORR_01,SEC_G_H,Inspection,Safety-related defect,2026-04-12,120,2026-08-10,34,5.51,24.0,4,8,10,180,30,TRD_TEAM_A,OHE Block,TRD_TEAM_A|OHE_VEHICLE_02,Pending
T0022,ENG_029,Bridge,Engineering,CORR_01,SEC_E_F,Inspection,Routine preventive maintenance,2024-07-03,365,2025-07-03,437,1.23,31.1,7,10,8,420,45,TRACK_TEAM_B,Engineering Block,TRACK_TEAM_B|TAMPER_MACHINE_01,Pending
T0023,ENG_023,Points,Engineering,CORR_01,SEC_D_E,Inspection,Operational reliability issue,2026-07-19,180,2027-01-15,0,2.85,23.7,1,4,10,60,30,TRACK_TEAM_B,Engineering Block,TRACK_TEAM_B|TOOLS_01,Pending
T0024,TRD_061,Electrical Equipment,TRD,CORR_01,SEC_C_D,Corrective,Repeated minor failure,2025-01-06,60,2025-03-07,555,4.44,3.6,4,10,6,90,30,TRD_TEAM_B,OHE Block,TRD_TEAM_B|OHE_VEHICLE_02,Pending
T0025,ENG_028,Points,Engineering,CORR_01,SEC_C_D,Preventive,Operational reliability issue,2025-07-19,120,2026-10-29,0,5.76,30.1,0,6,9,150,10,TRACK_TEAM_B,Engineering Block,TRACK_TEAM_B|TAMPER_MACHINE_01,Deferred
T0026,TRD_029,Contact Wire,TRD,CORR_01,SEC_H_I,Preventive,Repeated minor failure,2026-07-30,365,2026-12-05,0,4.85,31.8,3,5,10,60,10,TRD_TEAM_B,OHE Block,TRD_TEAM_B|TRD_TEAM_A,Deferred
T0027,ENG_042,Drainage,Engineering,CORR_01,SEC_G_H,Preventive,Inspection overdue,2023-09-15,90,2026-09-22,0,4.45,26.5,3,7,4,180,10,TRACK_TEAM_A,Engineering Block,TRACK_TEAM_A|TRACK_TEAM_B,Deferred
T0028,ENG_017,Bridge,Engineering,CORR_01,SEC_D_E,Corrective,Abnormal wear detected,2024-01-21,60,2024-03-21,906,1.15,21.6,9,9,9,300,60,TRACK_TEAM_A,Engineering Block,TRACK_TEAM_A|TOOLS_01,Pending
T0029,TRD_026,Electrical Equipment,TRD,CORR_01,SEC_G_H,Preventive,Condition deterioration detected,2023-10-20,180,2024-04-17,879,4.2,23.5,2,4,3,120,30,TRD_TEAM_A,OHE Block,TRD_TEAM_A|OHE_VEHICLE_01,Pending
T0030,S&T_020,Relay,S&T,CORR_01,SEC_H_I,Preventive,Operational reliability issue,2024-10-15,30,2024-11-14,668,4.39,12.0,4,10,10,150,20,SNT_TEAM_B,Signal Block,SNT_TEAM_B|SNT_TEAM_A,Pending
T0031,S&T_042,Signal,S&T,CORR_01,SEC_H_I,Preventive,Component replacement required,2025-09-10,120,2026-01-08,248,4.88,9.2,4,7,3,75,10,SNT_TEAM_A,Signal Block,SNT_TEAM_A|TEST_EQUIPMENT_02,Pending
T0032,S&T_038,Signal,S&T,CORR_01,SEC_B_C,Preventive,Safety-related defect,2025-12-16,90,2026-03-16,181,7.15,13.0,2,10,8,150,20,SNT_TEAM_A,Signal Block,SNT_TEAM_A|SNT_TEAM_B,Pending
T0033,ENG_028,Bridge,Engineering,CORR_01,SEC_D_E,Corrective,Routine preventive maintenance,2024-06-02,90,2026-11-21,0,9.34,8.7,4,7,4,75,20,TRACK_TEAM_A,Engineering Block,TRACK_TEAM_A|TAMPER_MACHINE_01,Pending
T0034,TRD_063,Mast,TRD,CORR_01,SEC_C_D,Preventive,Routine preventive maintenance,2026-02-03,30,2026-03-05,192,1.91,33.0,7,9,8,240,45,TRD_TEAM_B,OHE Block,TRD_TEAM_B|OHE_VEHICLE_01,Pending
T0035,ENG_011,Bridge,Engineering,CORR_01,SEC_E_F,Emergency,Routine preventive maintenance,2025-11-23,90,2026-02-21,204,1.75,16.3,8,10,8,480,45,TRACK_TEAM_B,Engineering Block,TRACK_TEAM_B|TAMPER_MACHINE_01,Pending
T0036,TRD_028,OHE,TRD,CORR_01,SEC_D_E,Preventive,Condition deterioration detected,2026-01-18,90,2026-10-20,0,1.02,24.4,4,8,8,420,45,TRD_TEAM_B,OHE Block,TRD_TEAM_B|OHE_VEHICLE_02,Deferred
T0037,TRD_076,Contact Wire,TRD,CORR_01,SEC_E_F,Corrective,Abnormal wear detected,2025-02-19,180,2025-08-18,391,3.3,3.0,1,5,7,60,10,TRD_TEAM_B,OHE Block,TRD_TEAM_B|OHE_VEHICLE_01,Pending
T0038,TRD_065,Electrical Equipment,TRD,CORR_01,SEC_E_F,Corrective,Component replacement required,2023-07-13,365,2024-07-12,793,2.78,8.8,3,8,7,30,10,TRD_TEAM_A,OHE Block,TRD_TEAM_A|TRD_TEAM_B,Pending
T0039,S&T_063,Point Machine,S&T,CORR_01,SEC_G_H,Emergency,Operational reliability issue,2025-08-29,180,2026-09-25,0,4.83,10.8,0,5,8,150,30,SNT_TEAM_B,Signal Block,SNT_TEAM_B|TEST_EQUIPMENT_01,Pending
T0040,TRD_053,OHE,TRD,CORR_01,SEC_H_I,Preventive,Inspection overdue,2025-11-14,365,2026-11-14,0,7.8,32.5,3,3,6,90,15,TRD_TEAM_A,OHE Block,TRD_TEAM_A|OHE_VEHICLE_02,Pending
T0041,TRD_071,Contact Wire,TRD,CORR_01,SEC_E_F,Preventive,Inspection overdue,2025-01-18,180,2025-07-17,423,9.45,32.7,0,10,4,60,30,TRD_TEAM_B,OHE Block,TRD_TEAM_B|OHE_VEHICLE_01,In Progress
T0042,S&T_025,Point Machine,S&T,CORR_01,SEC_G_H,Inspection,Component replacement required,2025-02-01,180,2025-07-31,409,8.55,10.6,2,9,8,90,10,SNT_TEAM_B,Signal Block,SNT_TEAM_B|SNT_TEAM_A,Pending
T0043,S&T_059,Relay,S&T,CORR_01,SEC_G_H,Inspection,Repeated minor failure,2025-07-20,120,2025-11-17,300,4.17,26.3,3,6,9,30,20,SNT_TEAM_A,Signal Block,SNT_TEAM_A|TEST_EQUIPMENT_01,In Progress
T0044,TRD_057,Mast,TRD,CORR_01,SEC_B_C,Preventive,Component replacement required,2025-08-23,365,2026-10-26,0,7.56,12.5,3,5,4,180,20,TRD_TEAM_B,OHE Block,TRD_TEAM_B|OHE_VEHICLE_01,Pending
T0045,TRD_031,OHE,TRD,CORR_01,SEC_B_C,Corrective,Operational reliability issue,2023-07-30,30,2023-08-29,1111,7.73,24.6,3,4,4,180,15,TRD_TEAM_A,OHE Block,TRD_TEAM_A|OHE_VEHICLE_01,Pending
T0046,ENG_073,Bridge,Engineering,CORR_01,SEC_G_H,Corrective,Repeated minor failure,2024-11-02,120,2025-03-02,560,3.05,16.7,3,6,10,60,15,TRACK_TEAM_A,Engineering Block,TRACK_TEAM_A|TAMPER_MACHINE_01,Deferred
T0047,ENG_076,Points,Engineering,CORR_01,SEC_F_G,Preventive,Operational reliability issue,2025-06-05,180,2025-12-02,285,4.25,9.1,2,6,9,180,10,TRACK_TEAM_B,Engineering Block,TRACK_TEAM_B|TRACK_TEAM_A,In Progress
T0048,S&T_078,Signal,S&T,CORR_01,SEC_A_B,Corrective,Routine preventive maintenance,2024-03-07,365,2026-12-03,0,7.93,24.0,1,8,6,75,20,SNT_TEAM_A,Signal Block,SNT_TEAM_A|TEST_EQUIPMENT_01,Pending
T0049,TRD_012,Mast,TRD,CORR_01,SEC_C_D,Inspection,Condition deterioration detected,2026-02-11,90,2026-05-12,124,3.73,32.1,1,8,7,60,20,TRD_TEAM_B,OHE Block,TRD_TEAM_B|TRD_TEAM_A,Pending
T0050,ENG_072,Bridge,Engineering,CORR_01,SEC_G_H,Preventive,Safety-related defect,2025-06-30,30,2025-07-30,410,4.35,29.0,0,10,8,90,30,TRACK_TEAM_B,Engineering Block,TRACK_TEAM_B|TRACK_TEAM_A,Pending
T0051,TRD_060,Contact Wire,TRD,CORR_01,SEC_B_C,Inspection,Operational reliability issue,2026-06-05,60,2026-08-04,40,3.32,4.3,0,3,7,180,10,TRD_TEAM_B,OHE Block,TRD_TEAM_B|OHE_VEHICLE_02,Deferred
T0052,TRD_013,Contact Wire,TRD,CORR_01,SEC_G_H,Inspection,Inspection overdue,2023-12-21,365,2024-12-20,632,2.73,30.1,2,6,10,180,15,TRD_TEAM_B,OHE Block,TRD_TEAM_B|TRD_TEAM_A,Pending
T0053,ENG_028,Points,Engineering,CORR_01,SEC_B_C,Corrective,Routine preventive maintenance,2026-07-10,60,2026-09-08,5,2.85,29.2,2,6,5,75,10,TRACK_TEAM_A,Engineering Block,TRACK_TEAM_A|TAMPER_MACHINE_01,Pending
T0054,S&T_070,Point Machine,S&T,CORR_01,SEC_C_D,Preventive,Component replacement required,2024-11-25,30,2026-11-06,0,8.57,1.5,1,3,8,75,20,SNT_TEAM_A,Signal Block,SNT_TEAM_A|TEST_EQUIPMENT_02,Pending
T0055,S&T_065,Signal,S&T,CORR_01,SEC_H_I,Preventive,Safety-related defect,2024-01-08,120,2024-05-07,859,6.15,15.5,3,3,3,180,30,SNT_TEAM_B,Signal Block,SNT_TEAM_B|SNT_TEAM_A,Deferred
T0056,TRD_017,Contact Wire,TRD,CORR_01,SEC_B_C,Preventive,Inspection overdue,2024-01-21,365,2025-01-20,601,7.49,28.0,3,7,10,150,10,TRD_TEAM_A,OHE Block,TRD_TEAM_A|OHE_VEHICLE_01,Pending
T0057,S&T_052,Relay,S&T,CORR_01,SEC_H_I,Preventive,Safety-related defect,2023-11-22,30,2023-12-22,996,1.44,4.1,6,9,8,420,30,SNT_TEAM_B,Signal Block,SNT_TEAM_B|SNT_TEAM_A,Pending
T0058,TRD_046,OHE,TRD,CORR_01,SEC_G_H,Inspection,Safety-related defect,2024-08-09,60,2024-10-08,705,8.58,20.6,0,7,7,120,10,TRD_TEAM_A,OHE Block,TRD_TEAM_A|TRD_TEAM_B,Pending
T0059,ENG_055,Drainage,Engineering,CORR_01,SEC_D_E,Inspection,Operational reliability issue,2025-02-22,90,2025-05-23,478,6.8,10.3,4,3,7,30,15,TRACK_TEAM_A,Engineering Block,TRACK_TEAM_A|TRACK_TEAM_B,Pending
T0060,ENG_012,Bridge,Engineering,CORR_01,SEC_A_B,Corrective,Component replacement required,2024-04-14,60,2024-06-13,822,5.68,31.0,1,8,7,120,10,TRACK_TEAM_A,Engineering Block,TRACK_TEAM_A|TOOLS_01,Pending
T0061,TRD_078,Electrical Equipment,TRD,CORR_01,SEC_H_I,Preventive,Abnormal wear detected,2025-08-18,180,2026-10-10,0,3.3,2.5,3,4,7,180,20,TRD_TEAM_B,OHE Block,TRD_TEAM_B|TRD_TEAM_A,Pending
T0062,S&T_001,Relay,S&T,CORR_01,SEC_B_C,Corrective,Operational reliability issue,2025-12-28,30,2026-01-27,229,5.16,15.8,1,8,4,150,10,SNT_TEAM_B,Signal Block,SNT_TEAM_B|TEST_EQUIPMENT_02,Pending
T0063,S&T_003,Signal,S&T,CORR_01,SEC_G_H,Emergency,Safety-related defect,2025-08-29,180,2027-01-03,0,5.72,15.8,2,4,9,45,15,SNT_TEAM_B,Signal Block,SNT_TEAM_B|TEST_EQUIPMENT_02,Pending
T0064,ENG_068,Track,Engineering,CORR_01,SEC_B_C,Corrective,Component replacement required,2024-04-09,365,2026-12-21,0,4.96,7.7,1,6,4,60,20,TRACK_TEAM_B,Engineering Block,TRACK_TEAM_B|TAMPER_MACHINE_01,Pending
T0065,TRD_020,Mast,TRD,CORR_01,SEC_F_G,Preventive,Condition deterioration detected,2023-08-17,30,2023-09-16,1093,4.62,16.7,2,3,8,45,20,TRD_TEAM_B,OHE Block,TRD_TEAM_B|TRD_TEAM_A,Pending
T0066,TRD_075,Electrical Equipment,TRD,CORR_01,SEC_H_I,Corrective,Repeated minor failure,2025-12-09,30,2026-01-08,248,5.65,33.6,4,6,8,180,15,TRD_TEAM_B,OHE Block,TRD_TEAM_B|OHE_VEHICLE_02,Pending
T0067,ENG_057,Bridge,Engineering,CORR_01,SEC_H_I,Corrective,Repeated minor failure,2025-04-16,30,2025-05-16,485,5.11,27.8,2,9,9,120,10,TRACK_TEAM_B,Engineering Block,TRACK_TEAM_B|TAMPER_MACHINE_01,Pending
T0068,S&T_045,Signal,S&T,CORR_01,SEC_C_D,Preventive,Safety-related defect,2026-05-14,30,2026-06-13,92,5.24,28.6,4,4,7,150,20,SNT_TEAM_B,Signal Block,SNT_TEAM_B|TEST_EQUIPMENT_02,Pending
T0069,S&T_044,Point Machine,S&T,CORR_01,SEC_D_E,Inspection,Repeated minor failure,2024-02-24,180,2024-08-22,752,9.5,23.5,1,4,7,45,10,SNT_TEAM_A,Signal Block,SNT_TEAM_A|SNT_TEAM_B,Pending
T0070,TRD_053,Electrical Equipment,TRD,CORR_01,SEC_A_B,Preventive,Operational reliability issue,2024-07-02,90,2024-09-30,713,6.77,31.7,3,6,6,90,30,TRD_TEAM_B,OHE Block,TRD_TEAM_B|OHE_VEHICLE_01,Pending
T0071,TRD_026,Electrical Equipment,TRD,CORR_01,SEC_C_D,Inspection,Repeated minor failure,2024-02-11,90,2026-10-04,0,0.66,29.8,7,9,10,240,60,TRD_TEAM_B,OHE Block,TRD_TEAM_B|OHE_VEHICLE_01,Deferred
T0072,S&T_058,Signal,S&T,CORR_01,SEC_D_E,Inspection,Abnormal wear detected,2023-07-28,90,2023-10-26,1053,2.87,13.7,4,8,6,150,10,SNT_TEAM_B,Signal Block,SNT_TEAM_B|SNT_TEAM_A,Pending
T0073,S&T_058,Point Machine,S&T,CORR_01,SEC_H_I,Corrective,Component replacement required,2023-09-06,60,2023-11-05,1043,4.29,11.2,1,9,4,90,15,SNT_TEAM_B,Signal Block,SNT_TEAM_B|SNT_TEAM_A,Pending
T0074,TRD_019,OHE,TRD,CORR_01,SEC_D_E,Preventive,Routine preventive maintenance,2023-10-17,180,2024-04-14,882,1.22,34.1,7,8,10,240,60,TRD_TEAM_A,OHE Block,TRD_TEAM_A|OHE_VEHICLE_01,Deferred
T0075,TRD_033,Electrical Equipment,TRD,CORR_01,SEC_F_G,Corrective,Repeated minor failure,2024-05-24,365,2025-05-24,477,4.91,19.6,0,8,5,30,20,TRD_TEAM_B,OHE Block,TRD_TEAM_B|OHE_VEHICLE_02,Pending
T0076,ENG_038,Points,Engineering,CORR_01,SEC_A_B,Preventive,Condition deterioration detected,2024-06-26,90,2024-09-24,719,4.71,26.6,2,9,10,90,10,TRACK_TEAM_A,Engineering Block,TRACK_TEAM_A|TOOLS_01,Pending
T0077,S&T_057,Telecom,S&T,CORR_01,SEC_G_H,Inspection,Abnormal wear detected,2024-06-04,180,2024-12-01,651,5.97,3.7,3,8,7,45,30,SNT_TEAM_A,Signal Block,SNT_TEAM_A|SNT_TEAM_B,Pending
T0078,S&T_022,Telecom,S&T,CORR_01,SEC_G_H,Corrective,Component replacement required,2025-09-09,90,2025-12-08,279,7.59,23.8,2,9,7,30,10,SNT_TEAM_A,Signal Block,SNT_TEAM_A|SNT_TEAM_B,Pending
T0079,ENG_031,Bridge,Engineering,CORR_01,SEC_B_C,Inspection,Inspection overdue,2023-11-05,180,2026-10-30,0,9.15,16.1,0,5,10,120,20,TRACK_TEAM_B,Engineering Block,TRACK_TEAM_B|TAMPER_MACHINE_01,Pending
T0080,ENG_064,Track,Engineering,CORR_01,SEC_C_D,Corrective,Safety-related defect,2024-03-04,30,2024-04-03,893,4.33,7.8,2,10,6,90,30,TRACK_TEAM_B,Engineering Block,TRACK_TEAM_B|TRACK_TEAM_A,Pending
T0081,TRD_071,Mast,TRD,CORR_01,SEC_B_C,Corrective,Repeated minor failure,2024-09-27,120,2026-11-23,0,7.48,27.9,1,8,6,45,15,TRD_TEAM_B,OHE Block,TRD_TEAM_B|OHE_VEHICLE_01,Pending
T0082,TRD_040,OHE,TRD,CORR_01,SEC_B_C,Preventive,Routine preventive maintenance,2026-04-25,90,2026-12-29,0,6.18,16.3,3,4,5,120,10,TRD_TEAM_A,OHE Block,TRD_TEAM_A|TRD_TEAM_B,Pending
T0083,ENG_022,Bridge,Engineering,CORR_01,SEC_E_F,Preventive,Repeated minor failure,2026-07-03,90,2026-10-22,0,4.92,22.6,4,7,4,90,15,TRACK_TEAM_A,Engineering Block,TRACK_TEAM_A|TOOLS_01,Pending
T0084,ENG_004,Drainage,Engineering,CORR_01,SEC_A_B,Preventive,Routine preventive maintenance,2025-02-08,120,2026-12-26,0,4.35,22.8,1,9,3,180,20,TRACK_TEAM_B,Engineering Block,TRACK_TEAM_B|TAMPER_MACHINE_01,Pending
T0085,ENG_062,Points,Engineering,CORR_01,SEC_G_H,Corrective,Condition deterioration detected,2024-01-04,90,2026-09-29,0,4.69,18.5,2,8,9,60,20,TRACK_TEAM_B,Engineering Block,TRACK_TEAM_B|TAMPER_MACHINE_01,Pending
T0086,ENG_079,Drainage,Engineering,CORR_01,SEC_G_H,Preventive,Operational reliability issue,2026-01-12,120,2026-05-12,124,8.19,34.9,4,8,6,60,30,TRACK_TEAM_B,Engineering Block,TRACK_TEAM_B|TRACK_TEAM_A,Pending
T0087,TRD_028,Electrical Equipment,TRD,CORR_01,SEC_D_E,Corrective,Operational reliability issue,2024-01-07,120,2026-10-17,0,1.98,19.2,10,10,10,420,45,TRD_TEAM_B,OHE Block,TRD_TEAM_B|OHE_VEHICLE_01,Pending
T0088,ENG_071,Bridge,Engineering,CORR_01,SEC_F_G,Preventive,Operational reliability issue,2025-04-25,180,2025-10-22,326,7.85,13.7,2,4,5,45,30,TRACK_TEAM_A,Engineering Block,TRACK_TEAM_A|TRACK_TEAM_B,Pending
T0089,TRD_005,OHE,TRD,CORR_01,SEC_A_B,Preventive,Component replacement required,2025-02-02,180,2025-08-01,408,6.14,14.4,1,5,8,120,15,TRD_TEAM_B,OHE Block,TRD_TEAM_B|OHE_VEHICLE_02,Pending
T0090,ENG_015,Drainage,Engineering,CORR_01,SEC_F_G,Emergency,Inspection overdue,2024-05-15,180,2024-11-11,671,6.9,20.8,4,10,7,75,10,TRACK_TEAM_B,Engineering Block,TRACK_TEAM_B|TRACK_TEAM_A,Pending
T0091,ENG_003,Track,Engineering,CORR_01,SEC_D_E,Preventive,Safety-related defect,2026-02-04,180,2026-08-03,41,7.33,20.1,3,10,3,60,15,TRACK_TEAM_A,Engineering Block,TRACK_TEAM_A|TAMPER_MACHINE_01,Deferred
T0092,TRD_079,Mast,TRD,CORR_01,SEC_E_F,Corrective,Operational reliability issue,2025-05-15,180,2025-11-11,306,6.41,11.8,1,7,7,75,30,TRD_TEAM_B,OHE Block,TRD_TEAM_B|OHE_VEHICLE_01,Pending
T0093,S&T_038,Relay,S&T,CORR_01,SEC_C_D,Preventive,Inspection overdue,2024-12-07,180,2025-06-05,465,4.92,29.2,3,7,10,75,15,SNT_TEAM_A,Signal Block,SNT_TEAM_A|SNT_TEAM_B,Pending
T0094,ENG_030,Track,Engineering,CORR_01,SEC_D_E,Preventive,Inspection overdue,2024-07-13,90,2024-10-11,702,3.2,17.2,1,3,5,150,30,TRACK_TEAM_A,Engineering Block,TRACK_TEAM_A|TRACK_TEAM_B,Pending
T0095,TRD_054,OHE,TRD,CORR_01,SEC_C_D,Inspection,Component replacement required,2026-08-07,180,2026-10-26,0,9.48,1.3,3,10,5,90,10,TRD_TEAM_B,OHE Block,TRD_TEAM_B|OHE_VEHICLE_01,In Progress
T0096,ENG_025,Points,Engineering,CORR_01,SEC_E_F,Inspection,Repeated minor failure,2025-09-08,120,2026-01-06,250,7.04,7.0,1,3,8,90,15,TRACK_TEAM_A,Engineering Block,TRACK_TEAM_A|TAMPER_MACHINE_01,Pending
T0097,ENG_032,Points,Engineering,CORR_01,SEC_F_G,Preventive,Abnormal wear detected,2023-10-06,365,2026-10-23,0,7.78,24.6,2,7,3,90,20,TRACK_TEAM_A,Engineering Block,TRACK_TEAM_A|TAMPER_MACHINE_01,Pending
T0098,TRD_048,OHE,TRD,CORR_01,SEC_E_F,Corrective,Condition deterioration detected,2023-11-15,180,2024-05-13,853,5.85,26.9,3,8,9,180,15,TRD_TEAM_B,OHE Block,TRD_TEAM_B|TRD_TEAM_A,Deferred
T0099,ENG_022,Bridge,Engineering,CORR_01,SEC_C_D,Preventive,Abnormal wear detected,2026-04-17,120,2026-08-15,29,7.26,16.4,4,10,4,180,10,TRACK_TEAM_A,Engineering Block,TRACK_TEAM_A|TOOLS_01,Pending
T0100,TRD_033,OHE,TRD,CORR_01,SEC_G_H,Inspection,Operational reliability issue,2026-01-22,30,2026-02-21,204,3.01,34.5,3,8,4,30,10,TRD_TEAM_A,OHE Block,TRD_TEAM_A|TRD_TEAM_B,Pending
T0101,S&T_049,Telecom,S&T,CORR_01,SEC_H_I,Preventive,Operational reliability issue,2024-08-30,30,2024-09-29,714,8.62,19.0,1,8,4,60,30,SNT_TEAM_B,Signal Block,SNT_TEAM_B|TEST_EQUIPMENT_01,Pending
T0102,TRD_032,Electrical Equipment,TRD,CORR_01,SEC_D_E,Corrective,Operational reliability issue,2023-12-24,180,2026-11-29,0,9.06,8.0,0,3,9,30,15,TRD_TEAM_A,OHE Block,TRD_TEAM_A|TRD_TEAM_B,Pending
T0103,S&T_008,Point Machine,S&T,CORR_01,SEC_D_E,Preventive,Repeated minor failure,2026-05-03,60,2026-07-02,73,8.21,30.8,4,8,8,75,20,SNT_TEAM_B,Signal Block,SNT_TEAM_B|SNT_TEAM_A,Pending
T0104,TRD_007,Electrical Equipment,TRD,CORR_01,SEC_H_I,Emergency,Repeated minor failure,2024-06-11,180,2024-12-08,644,5.17,11.2,4,8,9,150,15,TRD_TEAM_A,OHE Block,TRD_TEAM_A|OHE_VEHICLE_01,Deferred
T0105,S&T_054,Signal,S&T,CORR_01,SEC_G_H,Corrective,Inspection overdue,2024-06-25,30,2024-07-25,780,1.26,4.1,6,10,8,420,45,SNT_TEAM_A,Signal Block,SNT_TEAM_A|SNT_TEAM_B,Pending
T0106,S&T_039,Point Machine,S&T,CORR_01,SEC_F_G,Emergency,Safety-related defect,2024-07-23,120,2024-11-20,662,1.07,24.7,9,8,10,420,30,SNT_TEAM_B,Signal Block,SNT_TEAM_B|TEST_EQUIPMENT_01,Pending
T0107,S&T_066,Relay,S&T,CORR_01,SEC_F_G,Inspection,Safety-related defect,2024-08-27,365,2026-10-17,0,7.83,2.6,2,6,8,120,30,SNT_TEAM_B,Signal Block,SNT_TEAM_B|TEST_EQUIPMENT_01,Pending
T0108,ENG_064,Points,Engineering,CORR_01,SEC_D_E,Corrective,Condition deterioration detected,2026-06-24,120,2027-01-05,0,4.3,6.8,3,10,10,60,20,TRACK_TEAM_A,Engineering Block,TRACK_TEAM_A|TOOLS_01,Pending
T0109,TRD_053,OHE,TRD,CORR_01,SEC_A_B,Preventive,Routine preventive maintenance,2026-02-14,365,2027-02-14,0,7.45,22.0,0,6,10,120,10,TRD_TEAM_A,OHE Block,TRD_TEAM_A|OHE_VEHICLE_02,Pending
T0110,ENG_003,Drainage,Engineering,CORR_01,SEC_E_F,Corrective,Operational reliability issue,2026-05-14,90,2026-08-12,32,8.14,7.5,1,4,4,60,15,TRACK_TEAM_B,Engineering Block,TRACK_TEAM_B|TAMPER_MACHINE_01,Pending
T0111,S&T_039,Point Machine,S&T,CORR_01,SEC_D_E,Corrective,Safety-related defect,2023-09-23,365,2026-10-05,0,9.44,19.8,0,4,9,150,30,SNT_TEAM_A,Signal Block,SNT_TEAM_A|TEST_EQUIPMENT_01,Pending
T0112,TRD_030,OHE,TRD,CORR_01,SEC_A_B,Preventive,Condition deterioration detected,2025-03-06,30,2025-04-05,526,5.83,32.6,0,4,7,30,15,TRD_TEAM_A,OHE Block,TRD_TEAM_A|OHE_VEHICLE_02,Pending
T0113,S&T_073,Point Machine,S&T,CORR_01,SEC_D_E,Inspection,Abnormal wear detected,2023-11-03,90,2024-02-01,955,4.82,15.9,1,4,8,30,10,SNT_TEAM_B,Signal Block,SNT_TEAM_B|TEST_EQUIPMENT_01,Pending
T0114,S&T_046,Telecom,S&T,CORR_01,SEC_D_E,Corrective,Safety-related defect,2024-04-11,120,2024-08-09,765,7.26,3.8,3,4,7,75,10,SNT_TEAM_A,Signal Block,SNT_TEAM_A|TEST_EQUIPMENT_02,Pending
T0115,ENG_040,Track,Engineering,CORR_01,SEC_A_B,Preventive,Operational reliability issue,2025-05-25,180,2026-11-29,0,3.43,1.9,1,9,10,150,10,TRACK_TEAM_B,Engineering Block,TRACK_TEAM_B|TAMPER_MACHINE_01,Pending
T0116,S&T_074,Signal,S&T,CORR_01,SEC_D_E,Corrective,Inspection overdue,2024-12-17,120,2025-04-16,515,3.47,6.7,2,7,10,60,10,SNT_TEAM_A,Signal Block,SNT_TEAM_A|TEST_EQUIPMENT_01,Pending
T0117,TRD_059,Electrical Equipment,TRD,CORR_01,SEC_D_E,Preventive,Operational reliability issue,2024-03-05,90,2024-06-03,832,4.83,15.6,4,9,8,180,20,TRD_TEAM_A,OHE Block,TRD_TEAM_A|OHE_VEHICLE_01,Pending
T0118,S&T_074,Relay,S&T,CORR_01,SEC_H_I,Inspection,Abnormal wear detected,2026-07-01,30,2026-07-31,44,8.22,24.2,3,8,4,75,15,SNT_TEAM_B,Signal Block,SNT_TEAM_B|TEST_EQUIPMENT_02,Pending
T0119,TRD_064,OHE,TRD,CORR_01,SEC_G_H,Preventive,Safety-related defect,2026-05-30,180,2026-11-26,0,7.11,20.8,3,9,4,180,30,TRD_TEAM_B,OHE Block,TRD_TEAM_B|OHE_VEHICLE_02,Pending
T0120,TRD_032,OHE,TRD,CORR_01,SEC_B_C,Corrective,Component replacement required,2024-11-11,60,2025-01-10,611,6.79,1.4,4,9,8,150,10,TRD_TEAM_A,OHE Block,TRD_TEAM_A|OHE_VEHICLE_01,Pending
T0121,TRD_004,Contact Wire,TRD,CORR_01,SEC_F_G,Corrective,Component replacement required,2026-05-03,120,2026-08-31,13,3.31,27.7,1,8,7,120,30,TRD_TEAM_A,OHE Block,TRD_TEAM_A|OHE_VEHICLE_01,Pending
T0122,S&T_006,Signal,S&T,CORR_01,SEC_E_F,Inspection,Repeated minor failure,2024-04-23,90,2024-07-22,783,1.53,6.9,4,10,8,300,60,SNT_TEAM_B,Signal Block,SNT_TEAM_B|SNT_TEAM_A,Pending
T0123,ENG_004,Points,Engineering,CORR_01,SEC_G_H,Corrective,Component replacement required,2023-10-07,180,2027-01-03,0,6.65,26.6,3,3,6,75,20,TRACK_TEAM_A,Engineering Block,TRACK_TEAM_A|TAMPER_MACHINE_01,Pending
T0124,ENG_068,Drainage,Engineering,CORR_01,SEC_H_I,Emergency,Abnormal wear detected,2025-01-30,180,2025-07-29,411,6.78,22.0,4,4,8,120,30,TRACK_TEAM_A,Engineering Block,TRACK_TEAM_A|TAMPER_MACHINE_01,Pending
T0125,ENG_019,Bridge,Engineering,CORR_01,SEC_F_G,Corrective,Safety-related defect,2024-03-14,60,2024-05-13,853,6.52,17.6,3,5,10,60,15,TRACK_TEAM_B,Engineering Block,TRACK_TEAM_B|TOOLS_01,Pending
T0126,ENG_025,Points,Engineering,CORR_01,SEC_C_D,Inspection,Inspection overdue,2026-08-01,30,2026-08-31,13,7.07,6.7,3,10,9,180,30,TRACK_TEAM_A,Engineering Block,TRACK_TEAM_A|TAMPER_MACHINE_01,Pending
T0127,TRD_059,Mast,TRD,CORR_01,SEC_C_D,Corrective,Inspection overdue,2025-11-20,180,2026-11-07,0,6.35,26.8,0,4,7,120,10,TRD_TEAM_A,OHE Block,TRD_TEAM_A|OHE_VEHICLE_02,Pending
T0128,S&T_034,Signal,S&T,CORR_01,SEC_H_I,Preventive,Abnormal wear detected,2024-03-12,60,2024-05-11,855,8.56,6.6,0,6,6,120,30,SNT_TEAM_A,Signal Block,SNT_TEAM_A|TEST_EQUIPMENT_02,Pending
T0129,TRD_038,Contact Wire,TRD,CORR_01,SEC_F_G,Preventive,Inspection overdue,2024-02-15,365,2025-02-14,576,9.4,30.5,0,5,9,30,20,TRD_TEAM_A,OHE Block,TRD_TEAM_A|TRD_TEAM_B,Pending
T0130,TRD_019,Electrical Equipment,TRD,CORR_01,SEC_H_I,Corrective,Safety-related defect,2026-02-24,90,2026-05-25,111,5.13,16.5,0,4,9,90,20,TRD_TEAM_A,OHE Block,TRD_TEAM_A|OHE_VEHICLE_02,In Progress
T0131,ENG_055,Points,Engineering,CORR_01,SEC_D_E,Inspection,Operational reliability issue,2025-12-28,30,2027-01-01,0,8.3,2.6,2,5,10,120,10,TRACK_TEAM_A,Engineering Block,TRACK_TEAM_A|TAMPER_MACHINE_01,Pending
T0132,ENG_021,Bridge,Engineering,CORR_01,SEC_E_F,Inspection,Condition deterioration detected,2025-02-15,365,2026-02-15,210,7.08,14.5,2,4,8,60,10,TRACK_TEAM_A,Engineering Block,TRACK_TEAM_A|TAMPER_MACHINE_01,Pending
T0133,ENG_010,Bridge,Engineering,CORR_01,SEC_H_I,Preventive,Abnormal wear detected,2024-09-11,120,2026-12-26,0,5.62,17.2,0,8,4,150,15,TRACK_TEAM_A,Engineering Block,TRACK_TEAM_A|TRACK_TEAM_B,Pending
T0134,ENG_019,Points,Engineering,CORR_01,SEC_C_D,Preventive,Operational reliability issue,2025-11-23,60,2026-09-26,0,7.05,21.9,3,8,6,60,30,TRACK_TEAM_A,Engineering Block,TRACK_TEAM_A|TRACK_TEAM_B,Pending
T0135,S&T_018,Telecom,S&T,CORR_01,SEC_F_G,Preventive,Inspection overdue,2026-04-09,60,2026-06-08,97,6.37,18.6,4,7,3,90,15,SNT_TEAM_B,Signal Block,SNT_TEAM_B|TEST_EQUIPMENT_02,Pending
T0136,S&T_031,Telecom,S&T,CORR_01,SEC_B_C,Corrective,Condition deterioration detected,2026-08-08,120,2026-12-06,0,8.72,30.3,0,8,8,60,30,SNT_TEAM_A,Signal Block,SNT_TEAM_A|TEST_EQUIPMENT_01,In Progress
T0137,ENG_034,Track,Engineering,CORR_01,SEC_A_B,Preventive,Inspection overdue,2026-06-06,180,2026-09-24,0,6.05,22.8,4,9,9,150,10,TRACK_TEAM_B,Engineering Block,TRACK_TEAM_B|TRACK_TEAM_A,Pending
T0138,ENG_076,Drainage,Engineering,CORR_01,SEC_G_H,Corrective,Repeated minor failure,2025-11-06,30,2025-12-06,281,7.0,3.9,2,9,6,30,15,TRACK_TEAM_A,Engineering Block,TRACK_TEAM_A|TAMPER_MACHINE_01,Pending
T0139,ENG_002,Track,Engineering,CORR_01,SEC_C_D,Preventive,Abnormal wear detected,2024-01-28,30,2024-02-27,929,6.12,25.9,2,5,8,60,20,TRACK_TEAM_B,Engineering Block,TRACK_TEAM_B|TAMPER_MACHINE_01,Pending
T0140,TRD_059,OHE,TRD,CORR_01,SEC_H_I,Corrective,Routine preventive maintenance,2024-01-23,60,2024-03-23,904,2.2,23.9,6,8,9,240,60,TRD_TEAM_A,OHE Block,TRD_TEAM_A|TRD_TEAM_B,Deferred
T0141,ENG_047,Track,Engineering,CORR_01,SEC_H_I,Preventive,Routine preventive maintenance,2025-03-17,90,2025-06-15,455,6.37,32.1,3,6,8,75,30,TRACK_TEAM_B,Engineering Block,TRACK_TEAM_B|TRACK_TEAM_A,Pending
T0142,ENG_052,Bridge,Engineering,CORR_01,SEC_A_B,Preventive,Component replacement required,2025-01-18,180,2025-07-17,423,7.91,13.5,2,8,4,180,10,TRACK_TEAM_A,Engineering Block,TRACK_TEAM_A|TAMPER_MACHINE_01,Pending
T0143,ENG_001,Bridge,Engineering,CORR_01,SEC_C_D,Inspection,Inspection overdue,2025-07-10,365,2026-07-10,65,1.54,26.8,10,10,8,360,30,TRACK_TEAM_A,Engineering Block,TRACK_TEAM_A|TRACK_TEAM_B,Pending
T0144,S&T_019,Telecom,S&T,CORR_01,SEC_A_B,Corrective,Routine preventive maintenance,2023-11-21,180,2026-10-01,0,1.19,34.1,10,10,9,360,45,SNT_TEAM_B,Signal Block,SNT_TEAM_B|SNT_TEAM_A,Pending
T0145,S&T_038,Point Machine,S&T,CORR_01,SEC_D_E,Preventive,Component replacement required,2024-07-20,60,2024-09-18,725,7.41,3.5,2,8,10,90,15,SNT_TEAM_A,Signal Block,SNT_TEAM_A|SNT_TEAM_B,Pending
T0146,S&T_016,Relay,S&T,CORR_01,SEC_G_H,Corrective,Safety-related defect,2025-02-13,365,2026-02-13,212,5.66,28.5,3,7,4,45,15,SNT_TEAM_A,Signal Block,SNT_TEAM_A|SNT_TEAM_B,Pending
T0147,ENG_046,Track,Engineering,CORR_01,SEC_D_E,Preventive,Inspection overdue,2024-10-24,30,2024-11-23,659,1.28,26.4,5,8,9,420,60,TRACK_TEAM_A,Engineering Block,TRACK_TEAM_A|TRACK_TEAM_B,Pending
T0148,ENG_048,Bridge,Engineering,CORR_01,SEC_G_H,Corrective,Component replacement required,2025-11-25,60,2026-12-31,0,6.58,31.7,2,4,3,45,15,TRACK_TEAM_B,Engineering Block,TRACK_TEAM_B|TRACK_TEAM_A,Pending
T0149,ENG_051,Bridge,Engineering,CORR_01,SEC_G_H,Corrective,Operational reliability issue,2023-08-10,180,2024-02-06,950,3.71,31.0,1,5,7,90,30,TRACK_TEAM_A,Engineering Block,TRACK_TEAM_A|TOOLS_01,Pending
T0150,TRD_012,Electrical Equipment,TRD,CORR_01,SEC_A_B,Preventive,Safety-related defect,2025-06-05,120,2025-10-03,345,2.43,34.6,10,10,8,480,30,TRD_TEAM_B,OHE Block,TRD_TEAM_B|OHE_VEHICLE_01,Deferred
T0151,S&T_004,Relay,S&T,CORR_01,SEC_C_D,Preventive,Operational reliability issue,2024-10-06,90,2025-01-04,617,2.91,9.4,3,8,6,60,10,SNT_TEAM_A,Signal Block,SNT_TEAM_A|SNT_TEAM_B,Pending
T0152,S&T_031,Point Machine,S&T,CORR_01,SEC_C_D,Corrective,Inspection overdue,2026-03-05,180,2026-09-01,12,5.01,29.4,4,3,8,60,15,SNT_TEAM_B,Signal Block,SNT_TEAM_B|SNT_TEAM_A,Pending
T0153,TRD_068,Contact Wire,TRD,CORR_01,SEC_A_B,Corrective,Operational reliability issue,2024-03-17,30,2024-04-16,880,3.91,1.7,1,8,5,120,10,TRD_TEAM_B,OHE Block,TRD_TEAM_B|TRD_TEAM_A,Pending
T0154,TRD_039,OHE,TRD,CORR_01,SEC_F_G,Preventive,Routine preventive maintenance,2024-05-25,120,2024-09-22,721,8.04,23.6,3,8,5,120,15,TRD_TEAM_B,OHE Block,TRD_TEAM_B|TRD_TEAM_A,Pending
T0155,TRD_024,Electrical Equipment,TRD,CORR_01,SEC_A_B,Corrective,Condition deterioration detected,2024-09-30,90,2024-12-29,623,4.05,26.3,4,4,10,60,20,TRD_TEAM_A,OHE Block,TRD_TEAM_A|OHE_VEHICLE_02,Deferred
T0156,TRD_002,Mast,TRD,CORR_01,SEC_H_I,Preventive,Condition deterioration detected,2024-05-06,120,2024-09-03,740,4.95,25.9,0,3,3,150,30,TRD_TEAM_B,OHE Block,TRD_TEAM_B|OHE_VEHICLE_01,Pending
T0157,S&T_058,Point Machine,S&T,CORR_01,SEC_C_D,Preventive,Component replacement required,2024-04-25,365,2027-01-06,0,2.64,31.2,2,4,4,120,15,SNT_TEAM_A,Signal Block,SNT_TEAM_A|TEST_EQUIPMENT_01,Pending
T0158,TRD_022,OHE,TRD,CORR_01,SEC_G_H,Corrective,Routine preventive maintenance,2023-12-14,30,2024-01-13,974,3.21,11.1,1,6,9,90,20,TRD_TEAM_B,OHE Block,TRD_TEAM_B|TRD_TEAM_A,Pending
T0159,S&T_077,Signal,S&T,CORR_01,SEC_E_F,Corrective,Operational reliability issue,2026-01-20,120,2026-05-20,116,1.01,27.7,6,8,9,240,45,SNT_TEAM_B,Signal Block,SNT_TEAM_B|SNT_TEAM_A,Pending
T0160,ENG_048,Drainage,Engineering,CORR_01,SEC_G_H,Preventive,Routine preventive maintenance,2023-12-16,30,2024-01-15,972,1.9,26.6,5,9,10,240,30,TRACK_TEAM_B,Engineering Block,TRACK_TEAM_B|TOOLS_01,Pending
T0161,S&T_074,Telecom,S&T,CORR_01,SEC_H_I,Inspection,Operational reliability issue,2024-05-08,60,2024-07-07,798,5.26,33.3,0,5,4,180,15,SNT_TEAM_A,Signal Block,SNT_TEAM_A|SNT_TEAM_B,Pending
T0162,ENG_041,Bridge,Engineering,CORR_01,SEC_E_F,Inspection,Repeated minor failure,2023-06-26,365,2024-06-25,810,3.11,32.2,4,9,8,90,30,TRACK_TEAM_B,Engineering Block,TRACK_TEAM_B|TRACK_TEAM_A,Pending
T0163,TRD_073,OHE,TRD,CORR_01,SEC_B_C,Inspection,Safety-related defect,2024-12-16,120,2026-11-30,0,8.66,2.3,3,7,9,180,30,TRD_TEAM_B,OHE Block,TRD_TEAM_B|TRD_TEAM_A,Pending
T0164,TRD_061,Contact Wire,TRD,CORR_01,SEC_A_B,Inspection,Operational reliability issue,2024-09-09,60,2024-11-08,674,4.87,34.1,2,7,7,180,10,TRD_TEAM_B,OHE Block,TRD_TEAM_B|OHE_VEHICLE_01,Pending
T0165,TRD_057,OHE,TRD,CORR_01,SEC_D_E,Preventive,Inspection overdue,2025-09-04,60,2025-11-03,314,7.82,25.1,2,3,5,45,20,TRD_TEAM_A,OHE Block,TRD_TEAM_A|TRD_TEAM_B,Pending
T0166,ENG_059,Bridge,Engineering,CORR_01,SEC_A_B,Preventive,Safety-related defect,2025-11-30,60,2026-01-29,227,4.42,13.7,3,9,4,30,15,TRACK_TEAM_B,Engineering Block,TRACK_TEAM_B|TOOLS_01,Pending
T0167,ENG_037,Drainage,Engineering,CORR_01,SEC_B_C,Preventive,Repeated minor failure,2025-09-16,180,2026-12-22,0,2.22,8.0,5,8,10,300,60,TRACK_TEAM_A,Engineering Block,TRACK_TEAM_A|TAMPER_MACHINE_01,Deferred
T0168,TRD_033,OHE,TRD,CORR_01,SEC_D_E,Corrective,Safety-related defect,2025-02-08,365,2026-02-08,217,7.0,8.4,3,9,8,180,20,TRD_TEAM_B,OHE Block,TRD_TEAM_B|OHE_VEHICLE_02,Pending
T0169,TRD_014,Mast,TRD,CORR_01,SEC_E_F,Corrective,Repeated minor failure,2024-10-05,30,2024-11-04,678,6.98,18.6,2,7,7,75,15,TRD_TEAM_B,OHE Block,TRD_TEAM_B|OHE_VEHICLE_02,Pending
T0170,TRD_038,OHE,TRD,CORR_01,SEC_H_I,Preventive,Repeated minor failure,2025-06-04,180,2025-12-01,286,7.66,31.8,4,6,8,75,30,TRD_TEAM_A,OHE Block,TRD_TEAM_A|OHE_VEHICLE_02,Deferred
T0171,S&T_017,Signal,S&T,CORR_01,SEC_H_I,Corrective,Abnormal wear detected,2025-02-18,120,2025-06-18,452,7.84,8.6,1,8,4,75,20,SNT_TEAM_B,Signal Block,SNT_TEAM_B|TEST_EQUIPMENT_01,Pending
T0172,S&T_007,Signal,S&T,CORR_01,SEC_H_I,Inspection,Component replacement required,2024-04-04,60,2024-06-03,832,3.0,2.8,1,4,9,90,30,SNT_TEAM_B,Signal Block,SNT_TEAM_B|TEST_EQUIPMENT_01,In Progress
T0173,ENG_011,Drainage,Engineering,CORR_01,SEC_C_D,Corrective,Operational reliability issue,2024-05-11,180,2024-11-07,675,4.69,26.9,0,3,10,90,15,TRACK_TEAM_B,Engineering Block,TRACK_TEAM_B|TRACK_TEAM_A,Pending
T0174,TRD_055,Electrical Equipment,TRD,CORR_01,SEC_G_H,Emergency,Operational reliability issue,2024-10-22,60,2024-12-21,631,6.24,24.0,2,3,8,75,10,TRD_TEAM_B,OHE Block,TRD_TEAM_B|OHE_VEHICLE_01,Pending
T0175,TRD_009,Mast,TRD,CORR_01,SEC_C_D,Inspection,Inspection overdue,2026-02-28,90,2026-05-29,107,5.69,34.9,4,8,9,60,20,TRD_TEAM_A,OHE Block,TRD_TEAM_A|OHE_VEHICLE_01,Pending
T0176,TRD_003,Contact Wire,TRD,CORR_01,SEC_D_E,Corrective,Abnormal wear detected,2023-07-11,30,2023-08-10,1130,7.48,23.5,0,9,7,30,10,TRD_TEAM_B,OHE Block,TRD_TEAM_B|OHE_VEHICLE_01,Pending
T0177,S&T_002,Point Machine,S&T,CORR_01,SEC_D_E,Preventive,Safety-related defect,2024-01-04,120,2026-10-09,0,6.14,10.6,4,5,9,45,10,SNT_TEAM_B,Signal Block,SNT_TEAM_B|TEST_EQUIPMENT_02,In Progress
T0178,TRD_021,Electrical Equipment,TRD,CORR_01,SEC_E_F,Preventive,Condition deterioration detected,2024-01-13,180,2024-07-11,794,7.32,23.8,3,8,6,30,10,TRD_TEAM_A,OHE Block,TRD_TEAM_A|TRD_TEAM_B,Pending
T0179,TRD_030,OHE,TRD,CORR_01,SEC_E_F,Corrective,Repeated minor failure,2025-03-02,120,2025-06-30,440,5.75,28.3,0,5,3,90,20,TRD_TEAM_A,OHE Block,TRD_TEAM_A|TRD_TEAM_B,Pending
T0180,TRD_046,Contact Wire,TRD,CORR_01,SEC_F_G,Inspection,Repeated minor failure,2025-12-21,90,2026-03-21,176,8.65,14.6,0,8,8,60,10,TRD_TEAM_B,OHE Block,TRD_TEAM_B|OHE_VEHICLE_01,Pending
T0181,ENG_021,Bridge,Engineering,CORR_01,SEC_A_B,Preventive,Condition deterioration detected,2024-02-23,120,2024-06-22,813,8.12,30.3,3,5,9,120,10,TRACK_TEAM_A,Engineering Block,TRACK_TEAM_A|TAMPER_MACHINE_01,Pending
T0182,S&T_068,Relay,S&T,CORR_01,SEC_A_B,Inspection,Repeated minor failure,2025-07-28,60,2025-09-26,352,4.07,12.8,2,4,9,75,30,SNT_TEAM_A,Signal Block,SNT_TEAM_A|SNT_TEAM_B,Pending
T0183,TRD_022,Electrical Equipment,TRD,CORR_01,SEC_H_I,Preventive,Component replacement required,2023-11-09,120,2024-03-08,919,4.82,28.8,2,3,6,150,30,TRD_TEAM_B,OHE Block,TRD_TEAM_B|TRD_TEAM_A,Deferred
T0184,S&T_003,Signal,S&T,CORR_01,SEC_H_I,Preventive,Component replacement required,2023-09-20,60,2023-11-19,1029,6.34,13.4,0,7,6,180,20,SNT_TEAM_B,Signal Block,SNT_TEAM_B|TEST_EQUIPMENT_02,Pending
T0185,TRD_015,Mast,TRD,CORR_01,SEC_H_I,Preventive,Operational reliability issue,2025-09-16,30,2025-10-16,332,4.89,17.7,2,8,4,30,15,TRD_TEAM_A,OHE Block,TRD_TEAM_A|TRD_TEAM_B,Pending
T0186,ENG_044,Points,Engineering,CORR_01,SEC_D_E,Preventive,Repeated minor failure,2023-06-09,180,2023-12-06,1012,8.36,33.8,4,4,10,180,15,TRACK_TEAM_B,Engineering Block,TRACK_TEAM_B|TOOLS_01,Pending
T0187,TRD_014,Contact Wire,TRD,CORR_01,SEC_C_D,Preventive,Abnormal wear detected,2025-01-23,120,2025-05-23,478,6.03,33.8,3,9,6,90,30,TRD_TEAM_A,OHE Block,TRD_TEAM_A|OHE_VEHICLE_01,Pending
T0188,TRD_026,Mast,TRD,CORR_01,SEC_D_E,Preventive,Condition deterioration detected,2026-08-12,365,2027-08-12,0,4.92,20.1,1,5,8,45,20,TRD_TEAM_B,OHE Block,TRD_TEAM_B|OHE_VEHICLE_01,Pending
T0189,ENG_007,Points,Engineering,CORR_01,SEC_C_D,Corrective,Inspection overdue,2023-08-06,90,2023-11-04,1044,9.38,26.6,2,5,3,90,15,TRACK_TEAM_A,Engineering Block,TRACK_TEAM_A|TOOLS_01,Deferred
T0190,TRD_066,Electrical Equipment,TRD,CORR_01,SEC_D_E,Inspection,Component replacement required,2023-09-19,30,2023-10-19,1060,7.35,33.8,0,9,9,150,20,TRD_TEAM_A,OHE Block,TRD_TEAM_A|OHE_VEHICLE_02,Deferred
T0191,ENG_025,Drainage,Engineering,CORR_01,SEC_D_E,Preventive,Repeated minor failure,2024-11-23,60,2026-12-31,0,3.02,10.5,1,4,9,30,30,TRACK_TEAM_B,Engineering Block,TRACK_TEAM_B|TRACK_TEAM_A,Pending
T0192,ENG_077,Bridge,Engineering,CORR_01,SEC_F_G,Preventive,Operational reliability issue,2024-06-11,180,2026-11-17,0,8.4,18.9,2,10,8,45,20,TRACK_TEAM_A,Engineering Block,TRACK_TEAM_A|TAMPER_MACHINE_01,Pending
T0193,ENG_028,Drainage,Engineering,CORR_01,SEC_D_E,Corrective,Condition deterioration detected,2024-10-12,30,2024-11-11,671,4.03,16.2,4,10,3,45,20,TRACK_TEAM_B,Engineering Block,TRACK_TEAM_B|TAMPER_MACHINE_01,Deferred
T0194,S&T_004,Relay,S&T,CORR_01,SEC_E_F,Inspection,Routine preventive maintenance,2024-06-29,90,2024-09-27,716,6.1,31.5,4,10,10,30,20,SNT_TEAM_A,Signal Block,SNT_TEAM_A|SNT_TEAM_B,In Progress
T0195,TRD_028,OHE,TRD,CORR_01,SEC_D_E,Inspection,Inspection overdue,2023-08-17,30,2026-10-06,0,3.94,25.4,3,4,5,30,30,TRD_TEAM_B,OHE Block,TRD_TEAM_B|OHE_VEHICLE_02,Pending
T0196,S&T_058,Telecom,S&T,CORR_01,SEC_G_H,Corrective,Component replacement required,2026-03-26,30,2026-04-25,141,5.23,13.2,0,3,4,30,10,SNT_TEAM_B,Signal Block,SNT_TEAM_B|TEST_EQUIPMENT_02,Pending
T0197,S&T_061,Telecom,S&T,CORR_01,SEC_A_B,Preventive,Operational reliability issue,2023-06-23,180,2023-12-20,998,8.08,33.6,4,7,5,90,20,SNT_TEAM_A,Signal Block,SNT_TEAM_A|SNT_TEAM_B,Pending
T0198,TRD_027,OHE,TRD,CORR_01,SEC_E_F,Corrective,Condition deterioration detected,2024-10-30,60,2026-12-08,0,3.98,22.0,4,5,5,60,15,TRD_TEAM_A,OHE Block,TRD_TEAM_A|OHE_VEHICLE_02,Pending
T0199,S&T_013,Signal,S&T,CORR_01,SEC_E_F,Preventive,Safety-related defect,2025-12-09,90,2026-03-09,188,5.0,11.8,1,4,7,45,15,SNT_TEAM_B,Signal Block,SNT_TEAM_B|TEST_EQUIPMENT_02,Pending
T0200,S&T_001,Telecom,S&T,CORR_01,SEC_C_D,Preventive,Abnormal wear detected,2025-02-15,120,2025-06-15,455,5.55,16.1,2,5,8,180,30,SNT_TEAM_A,Signal Block,SNT_TEAM_A|TEST_EQUIPMENT_02,Pending
T0201,ENG_010,Bridge,Engineering,CORR_01,SEC_E_F,Corrective,Abnormal wear detected,2026-06-10,120,2026-10-08,0,6.92,19.5,4,9,6,30,20,TRACK_TEAM_A,Engineering Block,TRACK_TEAM_A|TAMPER_MACHINE_01,Pending
T0202,ENG_051,Points,Engineering,CORR_01,SEC_B_C,Preventive,Safety-related defect,2024-04-22,60,2024-06-21,814,3.04,5.8,10,10,10,300,60,TRACK_TEAM_A,Engineering Block,TRACK_TEAM_A|TOOLS_01,Pending
T0203,ENG_030,Bridge,Engineering,CORR_01,SEC_H_I,Preventive,Repeated minor failure,2023-08-21,365,2024-08-20,754,7.18,31.0,4,8,9,180,30,TRACK_TEAM_B,Engineering Block,TRACK_TEAM_B|TOOLS_01,Pending
T0204,S&T_076,Telecom,S&T,CORR_01,SEC_F_G,Corrective,Abnormal wear detected,2023-06-14,180,2023-12-11,1007,4.26,28.0,1,9,8,120,30,SNT_TEAM_B,Signal Block,SNT_TEAM_B|SNT_TEAM_A,Pending
T0205,ENG_021,Bridge,Engineering,CORR_01,SEC_C_D,Preventive,Repeated minor failure,2024-04-26,365,2025-04-26,505,7.13,17.3,3,8,4,180,30,TRACK_TEAM_A,Engineering Block,TRACK_TEAM_A|TRACK_TEAM_B,Pending
T0206,ENG_008,Track,Engineering,CORR_01,SEC_C_D,Preventive,Repeated minor failure,2026-01-21,120,2026-12-29,0,9.21,16.3,4,3,7,45,15,TRACK_TEAM_B,Engineering Block,TRACK_TEAM_B|TOOLS_01,Pending
T0207,TRD_044,Mast,TRD,CORR_01,SEC_C_D,Inspection,Component replacement required,2026-03-29,365,2027-03-29,0,4.11,18.8,3,5,4,30,15,TRD_TEAM_A,OHE Block,TRD_TEAM_A|OHE_VEHICLE_02,Pending
T0208,TRD_012,OHE,TRD,CORR_01,SEC_B_C,Corrective,Operational reliability issue,2023-08-28,365,2024-08-27,747,2.12,15.3,4,10,10,420,60,TRD_TEAM_A,OHE Block,TRD_TEAM_A|OHE_VEHICLE_01,Pending
T0209,S&T_018,Signal,S&T,CORR_01,SEC_G_H,Preventive,Safety-related defect,2023-06-15,180,2023-12-12,1006,4.48,25.1,4,9,7,75,10,SNT_TEAM_A,Signal Block,SNT_TEAM_A|TEST_EQUIPMENT_01,Pending
T0210,S&T_020,Relay,S&T,CORR_01,SEC_B_C,Preventive,Safety-related defect,2026-07-16,120,2026-11-24,0,8.48,15.0,3,8,7,150,15,SNT_TEAM_B,Signal Block,SNT_TEAM_B|TEST_EQUIPMENT_01,In Progress
T0211,TRD_016,Electrical Equipment,TRD,CORR_01,SEC_C_D,Corrective,Condition deterioration detected,2023-06-11,30,2023-07-11,1160,9.14,6.5,0,6,9,120,10,TRD_TEAM_B,OHE Block,TRD_TEAM_B|OHE_VEHICLE_02,Pending
T0212,S&T_011,Point Machine,S&T,CORR_01,SEC_F_G,Corrective,Inspection overdue,2024-07-18,365,2025-07-18,422,6.8,15.9,4,7,3,60,30,SNT_TEAM_B,Signal Block,SNT_TEAM_B|SNT_TEAM_A,Pending
T0213,TRD_047,Contact Wire,TRD,CORR_01,SEC_A_B,Preventive,Safety-related defect,2026-04-26,30,2026-05-26,110,0.76,20.9,6,9,9,420,45,TRD_TEAM_A,OHE Block,TRD_TEAM_A|TRD_TEAM_B,Pending
T0214,S&T_078,Relay,S&T,CORR_01,SEC_D_E,Emergency,Abnormal wear detected,2025-04-27,30,2025-05-27,474,6.52,18.1,2,5,9,45,10,SNT_TEAM_B,Signal Block,SNT_TEAM_B|TEST_EQUIPMENT_02,Pending
T0215,TRD_073,Electrical Equipment,TRD,CORR_01,SEC_G_H,Corrective,Safety-related defect,2025-07-23,365,2026-07-23,52,9.23,9.8,3,10,3,180,10,TRD_TEAM_A,OHE Block,TRD_TEAM_A|OHE_VEHICLE_02,Pending
T0216,S&T_034,Relay,S&T,CORR_01,SEC_A_B,Preventive,Inspection overdue,2024-08-21,180,2025-02-17,573,2.75,11.7,6,8,10,300,45,SNT_TEAM_A,Signal Block,SNT_TEAM_A|TEST_EQUIPMENT_01,Pending
T0217,TRD_027,Contact Wire,TRD,CORR_01,SEC_E_F,Preventive,Abnormal wear detected,2026-06-13,30,2026-07-13,62,4.99,27.0,0,4,4,180,10,TRD_TEAM_B,OHE Block,TRD_TEAM_B|OHE_VEHICLE_02,Pending
T0218,S&T_051,Point Machine,S&T,CORR_01,SEC_E_F,Preventive,Routine preventive maintenance,2024-05-23,120,2024-09-20,723,6.18,30.3,3,10,3,120,30,SNT_TEAM_B,Signal Block,SNT_TEAM_B|TEST_EQUIPMENT_01,Pending
T0219,TRD_075,Contact Wire,TRD,CORR_01,SEC_G_H,Preventive,Abnormal wear detected,2026-03-18,120,2026-12-12,0,3.81,13.4,2,6,7,180,20,TRD_TEAM_B,OHE Block,TRD_TEAM_B|OHE_VEHICLE_01,Deferred
T0220,S&T_074,Point Machine,S&T,CORR_01,SEC_C_D,Corrective,Safety-related defect,2024-04-02,120,2024-07-31,774,8.13,28.2,4,9,9,75,15,SNT_TEAM_A,Signal Block,SNT_TEAM_A|TEST_EQUIPMENT_01,Pending
T0221,S&T_072,Relay,S&T,CORR_01,SEC_E_F,Inspection,Condition deterioration detected,2025-04-16,90,2025-07-15,425,2.57,4.3,4,8,9,420,60,SNT_TEAM_B,Signal Block,SNT_TEAM_B|TEST_EQUIPMENT_01,Pending
T0222,S&T_037,Point Machine,S&T,CORR_01,SEC_C_D,Preventive,Operational reliability issue,2024-03-23,60,2024-05-22,844,7.92,22.5,3,4,9,90,30,SNT_TEAM_B,Signal Block,SNT_TEAM_B|TEST_EQUIPMENT_01,Pending
T0223,ENG_044,Track,Engineering,CORR_01,SEC_C_D,Preventive,Inspection overdue,2026-05-02,120,2026-08-30,14,7.47,26.4,4,9,7,180,20,TRACK_TEAM_A,Engineering Block,TRACK_TEAM_A|TRACK_TEAM_B,Pending
T0224,TRD_027,Mast,TRD,CORR_01,SEC_B_C,Preventive,Operational reliability issue,2023-11-18,30,2023-12-18,1000,3.31,18.8,7,10,8,240,45,TRD_TEAM_A,OHE Block,TRD_TEAM_A|TRD_TEAM_B,Pending
T0225,S&T_037,Point Machine,S&T,CORR_01,SEC_D_E,Preventive,Repeated minor failure,2026-01-12,180,2026-07-11,64,3.02,30.4,4,8,10,360,45,SNT_TEAM_B,Signal Block,SNT_TEAM_B|SNT_TEAM_A,In Progress
T0226,TRD_068,Electrical Equipment,TRD,CORR_01,SEC_G_H,Corrective,Routine preventive maintenance,2024-04-14,90,2026-11-19,0,5.87,15.0,1,4,10,90,20,TRD_TEAM_A,OHE Block,TRD_TEAM_A|OHE_VEHICLE_01,Pending
T0227,TRD_039,Electrical Equipment,TRD,CORR_01,SEC_H_I,Preventive,Condition deterioration detected,2024-04-30,365,2025-04-30,501,6.68,14.4,0,8,6,150,30,TRD_TEAM_B,OHE Block,TRD_TEAM_B|OHE_VEHICLE_01,Pending
T0228,S&T_037,Point Machine,S&T,CORR_01,SEC_E_F,Corrective,Repeated minor failure,2025-12-14,90,2026-03-14,183,5.39,22.7,0,5,5,90,10,SNT_TEAM_B,Signal Block,SNT_TEAM_B|SNT_TEAM_A,Pending
T0229,ENG_014,Track,Engineering,CORR_01,SEC_C_D,Preventive,Routine preventive maintenance,2025-10-08,90,2026-01-06,250,2.68,8.4,5,8,8,240,45,TRACK_TEAM_B,Engineering Block,TRACK_TEAM_B|TAMPER_MACHINE_01,Pending
T0230,S&T_008,Signal,S&T,CORR_01,SEC_C_D,Preventive,Routine preventive maintenance,2024-10-22,120,2025-02-19,571,5.79,34.1,1,7,9,30,10,SNT_TEAM_B,Signal Block,SNT_TEAM_B|SNT_TEAM_A,Pending
T0231,ENG_067,Points,Engineering,CORR_01,SEC_B_C,Corrective,Condition deterioration detected,2025-02-01,60,2025-04-02,529,7.27,9.6,2,8,5,30,10,TRACK_TEAM_A,Engineering Block,TRACK_TEAM_A|TOOLS_01,Pending
T0232,ENG_002,Points,Engineering,CORR_01,SEC_F_G,Preventive,Safety-related defect,2023-12-01,60,2026-09-25,0,5.27,13.6,1,3,3,180,15,TRACK_TEAM_B,Engineering Block,TRACK_TEAM_B|TOOLS_01,Pending
T0233,TRD_017,Contact Wire,TRD,CORR_01,SEC_B_C,Corrective,Abnormal wear detected,2024-03-02,90,2024-05-31,835,8.02,13.2,2,10,6,30,30,TRD_TEAM_B,OHE Block,TRD_TEAM_B|OHE_VEHICLE_02,Pending
T0234,TRD_073,Electrical Equipment,TRD,CORR_01,SEC_D_E,Preventive,Repeated minor failure,2024-11-21,180,2025-05-20,481,4.43,11.1,4,5,4,60,30,TRD_TEAM_A,OHE Block,TRD_TEAM_A|OHE_VEHICLE_02,Pending
T0235,ENG_042,Drainage,Engineering,CORR_01,SEC_D_E,Corrective,Repeated minor failure,2025-03-21,30,2026-12-07,0,8.23,14.9,1,10,5,90,20,TRACK_TEAM_A,Engineering Block,TRACK_TEAM_A|TRACK_TEAM_B,Pending
T0236,ENG_014,Track,Engineering,CORR_01,SEC_D_E,Corrective,Inspection overdue,2024-11-06,30,2024-12-06,646,2.43,24.8,7,10,9,480,60,TRACK_TEAM_A,Engineering Block,TRACK_TEAM_A|TRACK_TEAM_B,Deferred
T0237,TRD_060,Electrical Equipment,TRD,CORR_01,SEC_B_C,Inspection,Condition deterioration detected,2023-08-23,365,2026-10-22,0,2.73,10.0,7,9,10,240,60,TRD_TEAM_A,OHE Block,TRD_TEAM_A|TRD_TEAM_B,In Progress
T0238,ENG_025,Bridge,Engineering,CORR_01,SEC_G_H,Preventive,Repeated minor failure,2025-10-22,30,2026-10-07,0,6.88,24.9,1,9,4,120,30,TRACK_TEAM_B,Engineering Block,TRACK_TEAM_B|TOOLS_01,Pending
T0239,TRD_041,Electrical Equipment,TRD,CORR_01,SEC_F_G,Corrective,Routine preventive maintenance,2024-11-02,90,2025-01-31,590,5.39,27.0,3,8,6,75,30,TRD_TEAM_B,OHE Block,TRD_TEAM_B|OHE_VEHICLE_01,Pending
T0240,S&T_039,Signal,S&T,CORR_01,SEC_C_D,Preventive,Abnormal wear detected,2024-04-15,60,2024-06-14,821,8.49,16.7,0,7,5,45,10,SNT_TEAM_A,Signal Block,SNT_TEAM_A|SNT_TEAM_B,Pending
T0241,ENG_010,Points,Engineering,CORR_01,SEC_D_E,Corrective,Condition deterioration detected,2023-09-23,90,2023-12-22,996,5.92,3.7,4,4,7,30,30,TRACK_TEAM_B,Engineering Block,TRACK_TEAM_B|TAMPER_MACHINE_01,Deferred
T0242,ENG_007,Track,Engineering,CORR_01,SEC_G_H,Preventive,Operational reliability issue,2025-08-13,120,2025-12-11,276,2.19,2.7,6,10,10,300,30,TRACK_TEAM_A,Engineering Block,TRACK_TEAM_A|TRACK_TEAM_B,Pending
T0243,ENG_011,Bridge,Engineering,CORR_01,SEC_F_G,Corrective,Inspection overdue,2024-07-10,120,2024-11-07,675,5.29,17.4,0,9,9,60,15,TRACK_TEAM_A,Engineering Block,TRACK_TEAM_A|TOOLS_01,Pending
T0244,ENG_056,Track,Engineering,CORR_01,SEC_E_F,Preventive,Routine preventive maintenance,2023-07-20,90,2026-10-28,0,3.29,11.9,3,9,8,120,15,TRACK_TEAM_B,Engineering Block,TRACK_TEAM_B|TOOLS_01,Pending
T0245,ENG_020,Bridge,Engineering,CORR_01,SEC_F_G,Inspection,Inspection overdue,2024-01-14,90,2024-04-13,883,7.68,24.6,1,5,7,30,20,TRACK_TEAM_A,Engineering Block,TRACK_TEAM_A|TAMPER_MACHINE_01,Pending
T0246,ENG_080,Drainage,Engineering,CORR_01,SEC_H_I,Corrective,Routine preventive maintenance,2023-10-02,90,2026-12-12,0,2.5,9.7,7,10,10,480,30,TRACK_TEAM_B,Engineering Block,TRACK_TEAM_B|TRACK_TEAM_A,Pending
T0247,ENG_047,Points,Engineering,CORR_01,SEC_E_F,Inspection,Component replacement required,2025-03-08,120,2025-07-06,434,3.15,4.4,7,8,9,480,60,TRACK_TEAM_A,Engineering Block,TRACK_TEAM_A|TRACK_TEAM_B,Pending
T0248,TRD_032,OHE,TRD,CORR_01,SEC_A_B,Inspection,Operational reliability issue,2024-09-26,180,2025-03-25,537,5.25,22.3,1,3,8,120,20,TRD_TEAM_A,OHE Block,TRD_TEAM_A|OHE_VEHICLE_02,Pending
T0249,ENG_020,Drainage,Engineering,CORR_01,SEC_D_E,Preventive,Inspection overdue,2025-03-01,180,2025-08-28,381,3.11,15.5,3,6,9,75,15,TRACK_TEAM_A,Engineering Block,TRACK_TEAM_A|TRACK_TEAM_B,Pending
T0250,ENG_056,Drainage,Engineering,CORR_01,SEC_C_D,Emergency,Abnormal wear detected,2024-03-25,365,2026-10-24,0,7.09,7.3,4,5,8,45,10,TRACK_TEAM_B,Engineering Block,TRACK_TEAM_B|TAMPER_MACHINE_01,Pending
T0251,ENG_017,Bridge,Engineering,CORR_01,SEC_B_C,Preventive,Repeated minor failure,2026-02-01,60,2026-04-02,164,6.82,13.2,4,6,6,75,10,TRACK_TEAM_B,Engineering Block,TRACK_TEAM_B|TOOLS_01,Pending
T0252,S&T_018,Telecom,S&T,CORR_01,SEC_H_I,Preventive,Safety-related defect,2023-10-14,60,2023-12-13,1005,7.85,26.8,0,7,9,75,15,SNT_TEAM_B,Signal Block,SNT_TEAM_B|TEST_EQUIPMENT_02,Pending
T0253,S&T_052,Point Machine,S&T,CORR_01,SEC_G_H,Inspection,Operational reliability issue,2023-08-26,60,2023-10-25,1054,7.54,29.1,3,3,4,180,30,SNT_TEAM_B,Signal Block,SNT_TEAM_B|TEST_EQUIPMENT_02,Pending
T0254,TRD_038,OHE,TRD,CORR_01,SEC_D_E,Preventive,Repeated minor failure,2025-12-12,30,2026-01-11,245,5.73,29.2,3,7,3,60,30,TRD_TEAM_A,OHE Block,TRD_TEAM_A|TRD_TEAM_B,Pending
T0255,S&T_058,Telecom,S&T,CORR_01,SEC_F_G,Preventive,Repeated minor failure,2025-12-07,365,2026-12-07,0,8.68,4.1,0,7,8,60,10,SNT_TEAM_B,Signal Block,SNT_TEAM_B|TEST_EQUIPMENT_02,Pending
T0256,S&T_022,Telecom,S&T,CORR_01,SEC_A_B,Inspection,Routine preventive maintenance,2025-11-30,90,2026-02-28,197,8.54,11.5,1,5,5,30,30,SNT_TEAM_A,Signal Block,SNT_TEAM_A|SNT_TEAM_B,In Progress
T0257,TRD_059,Mast,TRD,CORR_01,SEC_A_B,Corrective,Inspection overdue,2023-11-10,180,2024-05-08,858,6.76,14.9,3,6,6,180,30,TRD_TEAM_A,OHE Block,TRD_TEAM_A|OHE_VEHICLE_02,Pending
T0258,ENG_008,Bridge,Engineering,CORR_01,SEC_C_D,Corrective,Safety-related defect,2025-10-01,60,2026-10-20,0,0.6,2.7,8,10,9,360,30,TRACK_TEAM_A,Engineering Block,TRACK_TEAM_A|TAMPER_MACHINE_01,Pending
T0259,ENG_042,Track,Engineering,CORR_01,SEC_E_F,Preventive,Routine preventive maintenance,2024-12-14,90,2025-03-14,548,7.81,5.1,4,4,7,180,15,TRACK_TEAM_A,Engineering Block,TRACK_TEAM_A|TOOLS_01,Pending
T0260,ENG_078,Track,Engineering,CORR_01,SEC_H_I,Inspection,Inspection overdue,2026-03-16,120,2026-07-14,61,5.49,18.7,2,7,8,60,30,TRACK_TEAM_A,Engineering Block,TRACK_TEAM_A|TOOLS_01,Pending
T0261,ENG_060,Track,Engineering,CORR_01,SEC_A_B,Corrective,Abnormal wear detected,2024-08-08,30,2024-09-07,736,1.12,12.9,8,9,9,240,45,TRACK_TEAM_B,Engineering Block,TRACK_TEAM_B|TAMPER_MACHINE_01,Pending
T0262,S&T_015,Relay,S&T,CORR_01,SEC_A_B,Corrective,Component replacement required,2026-02-06,120,2026-06-06,99,6.81,32.4,0,5,6,120,20,SNT_TEAM_A,Signal Block,SNT_TEAM_A|TEST_EQUIPMENT_01,Pending
T0263,TRD_053,Mast,TRD,CORR_01,SEC_H_I,Inspection,Operational reliability issue,2025-04-10,90,2026-10-03,0,1.4,1.6,9,10,9,480,60,TRD_TEAM_B,OHE Block,TRD_TEAM_B|TRD_TEAM_A,Pending
T0264,TRD_024,Contact Wire,TRD,CORR_01,SEC_G_H,Corrective,Repeated minor failure,2024-09-29,90,2024-12-28,624,7.44,17.9,2,3,7,150,10,TRD_TEAM_B,OHE Block,TRD_TEAM_B|TRD_TEAM_A,Pending
T0265,ENG_026,Drainage,Engineering,CORR_01,SEC_A_B,Inspection,Repeated minor failure,2026-05-08,90,2026-08-06,38,8.09,25.9,4,5,6,120,30,TRACK_TEAM_A,Engineering Block,TRACK_TEAM_A|TRACK_TEAM_B,Pending
T0266,ENG_050,Track,Engineering,CORR_01,SEC_H_I,Corrective,Safety-related defect,2025-03-01,30,2025-03-31,531,4.68,4.5,0,4,8,180,10,TRACK_TEAM_B,Engineering Block,TRACK_TEAM_B|TOOLS_01,Deferred
T0267,ENG_036,Bridge,Engineering,CORR_01,SEC_E_F,Corrective,Repeated minor failure,2026-07-21,180,2026-11-22,0,3.32,33.6,1,5,7,45,10,TRACK_TEAM_B,Engineering Block,TRACK_TEAM_B|TOOLS_01,Pending
T0268,TRD_022,Mast,TRD,CORR_01,SEC_D_E,Preventive,Component replacement required,2023-09-19,30,2023-10-19,1060,6.28,4.6,0,5,3,180,10,TRD_TEAM_A,OHE Block,TRD_TEAM_A|OHE_VEHICLE_02,Pending
T0269,TRD_043,Mast,TRD,CORR_01,SEC_E_F,Inspection,Inspection overdue,2025-02-25,365,2026-02-25,200,8.17,4.3,0,10,5,45,30,TRD_TEAM_B,OHE Block,TRD_TEAM_B|OHE_VEHICLE_01,Pending
T0270,ENG_051,Drainage,Engineering,CORR_01,SEC_F_G,Preventive,Repeated minor failure,2025-05-20,120,2025-09-17,361,8.02,17.2,2,10,10,30,10,TRACK_TEAM_A,Engineering Block,TRACK_TEAM_A|TAMPER_MACHINE_01,Pending
T0271,TRD_014,OHE,TRD,CORR_01,SEC_G_H,Preventive,Safety-related defect,2025-07-26,30,2025-08-25,384,6.23,34.1,3,9,6,75,15,TRD_TEAM_B,OHE Block,TRD_TEAM_B|OHE_VEHICLE_01,Pending
T0272,TRD_010,Contact Wire,TRD,CORR_01,SEC_C_D,Corrective,Routine preventive maintenance,2025-09-09,30,2025-10-09,339,3.3,7.0,4,10,8,45,30,TRD_TEAM_B,OHE Block,TRD_TEAM_B|OHE_VEHICLE_01,Pending
T0273,ENG_075,Bridge,Engineering,CORR_01,SEC_C_D,Inspection,Safety-related defect,2025-03-10,90,2025-06-08,462,7.8,7.7,1,10,7,150,30,TRACK_TEAM_B,Engineering Block,TRACK_TEAM_B|TAMPER_MACHINE_01,Pending
T0274,ENG_017,Track,Engineering,CORR_01,SEC_G_H,Inspection,Operational reliability issue,2024-12-29,30,2026-12-12,0,2.15,4.7,4,8,10,480,45,TRACK_TEAM_B,Engineering Block,TRACK_TEAM_B|TOOLS_01,Pending
T0275,S&T_070,Telecom,S&T,CORR_01,SEC_G_H,Preventive,Component replacement required,2024-02-13,60,2026-12-05,0,3.82,34.9,3,8,9,60,20,SNT_TEAM_A,Signal Block,SNT_TEAM_A|SNT_TEAM_B,Pending
T0276,TRD_011,Electrical Equipment,TRD,CORR_01,SEC_C_D,Preventive,Component replacement required,2025-12-08,120,2026-04-07,159,8.76,19.8,4,9,5,180,30,TRD_TEAM_A,OHE Block,TRD_TEAM_A|OHE_VEHICLE_01,Pending
T0277,TRD_053,Contact Wire,TRD,CORR_01,SEC_E_F,Inspection,Condition deterioration detected,2023-11-11,60,2024-01-10,977,9.35,33.7,4,10,8,45,30,TRD_TEAM_B,OHE Block,TRD_TEAM_B|OHE_VEHICLE_01,Pending
T0278,ENG_070,Points,Engineering,CORR_01,SEC_B_C,Inspection,Abnormal wear detected,2025-04-09,120,2025-08-07,402,8.83,20.5,4,3,10,180,30,TRACK_TEAM_B,Engineering Block,TRACK_TEAM_B|TAMPER_MACHINE_01,Pending
T0279,TRD_061,Mast,TRD,CORR_01,SEC_A_B,Corrective,Routine preventive maintenance,2023-11-05,90,2024-02-03,953,9.43,5.3,4,3,7,180,10,TRD_TEAM_B,OHE Block,TRD_TEAM_B|OHE_VEHICLE_01,Deferred
T0280,TRD_076,OHE,TRD,CORR_01,SEC_C_D,Corrective,Operational reliability issue,2023-11-20,60,2024-01-19,968,8.15,12.7,2,6,10,60,10,TRD_TEAM_A,OHE Block,TRD_TEAM_A|OHE_VEHICLE_01,Pending
T0281,S&T_022,Point Machine,S&T,CORR_01,SEC_H_I,Preventive,Operational reliability issue,2025-02-07,120,2025-06-07,463,2.88,14.6,2,4,3,60,30,SNT_TEAM_A,Signal Block,SNT_TEAM_A|TEST_EQUIPMENT_01,Pending
T0282,S&T_068,Relay,S&T,CORR_01,SEC_C_D,Inspection,Abnormal wear detected,2023-12-17,180,2024-06-14,821,2.89,33.5,7,10,9,480,60,SNT_TEAM_B,Signal Block,SNT_TEAM_B|TEST_EQUIPMENT_02,Deferred
T0283,S&T_013,Relay,S&T,CORR_01,SEC_E_F,Preventive,Inspection overdue,2023-06-18,30,2026-09-26,0,7.91,19.6,1,6,8,60,20,SNT_TEAM_A,Signal Block,SNT_TEAM_A|TEST_EQUIPMENT_02,Pending
T0284,TRD_025,Mast,TRD,CORR_01,SEC_E_F,Preventive,Condition deterioration detected,2026-08-03,60,2026-10-02,0,9.07,13.8,1,4,4,45,15,TRD_TEAM_A,OHE Block,TRD_TEAM_A|OHE_VEHICLE_01,Pending
T0285,TRD_055,Electrical Equipment,TRD,CORR_01,SEC_E_F,Corrective,Component replacement required,2023-10-02,90,2023-12-31,987,4.3,12.3,0,7,3,150,30,TRD_TEAM_B,OHE Block,TRD_TEAM_B|TRD_TEAM_A,Pending
T0286,ENG_063,Points,Engineering,CORR_01,SEC_C_D,Preventive,Repeated minor failure,2026-08-14,365,2027-08-14,0,4.03,3.5,0,10,7,45,10,TRACK_TEAM_B,Engineering Block,TRACK_TEAM_B|TRACK_TEAM_A,Deferred
T0287,TRD_050,OHE,TRD,CORR_01,SEC_A_B,Preventive,Safety-related defect,2023-10-22,180,2026-11-02,0,6.52,29.7,4,10,10,150,30,TRD_TEAM_B,OHE Block,TRD_TEAM_B|TRD_TEAM_A,Pending
T0288,S&T_008,Relay,S&T,CORR_01,SEC_G_H,Corrective,Condition deterioration detected,2023-08-20,120,2023-12-18,1000,5.06,7.0,2,4,10,90,15,SNT_TEAM_B,Signal Block,SNT_TEAM_B|TEST_EQUIPMENT_02,Pending
T0289,TRD_011,Mast,TRD,CORR_01,SEC_H_I,Inspection,Routine preventive maintenance,2026-06-12,365,2027-06-12,0,3.48,3.1,1,3,6,180,30,TRD_TEAM_B,OHE Block,TRD_TEAM_B|TRD_TEAM_A,Pending
T0290,S&T_016,Signal,S&T,CORR_01,SEC_G_H,Preventive,Repeated minor failure,2026-02-26,365,2027-01-08,0,5.71,26.0,4,5,6,45,10,SNT_TEAM_A,Signal Block,SNT_TEAM_A|SNT_TEAM_B,Pending
T0291,ENG_040,Bridge,Engineering,CORR_01,SEC_A_B,Inspection,Operational reliability issue,2024-08-25,30,2024-09-24,719,1.01,21.2,8,8,8,240,45,TRACK_TEAM_B,Engineering Block,TRACK_TEAM_B|TAMPER_MACHINE_01,Pending
T0292,S&T_042,Signal,S&T,CORR_01,SEC_C_D,Inspection,Routine preventive maintenance,2024-05-10,365,2025-05-10,491,6.65,26.8,2,4,4,90,15,SNT_TEAM_A,Signal Block,SNT_TEAM_A|TEST_EQUIPMENT_01,Pending
T0293,ENG_021,Track,Engineering,CORR_01,SEC_G_H,Preventive,Routine preventive maintenance,2024-12-06,180,2025-06-04,466,2.55,8.0,0,7,9,180,15,TRACK_TEAM_A,Engineering Block,TRACK_TEAM_A|TRACK_TEAM_B,Pending
T0294,TRD_079,Contact Wire,TRD,CORR_01,SEC_H_I,Emergency,Condition deterioration detected,2026-06-10,180,2026-12-21,0,4.93,22.0,0,6,6,45,10,TRD_TEAM_A,OHE Block,TRD_TEAM_A|OHE_VEHICLE_01,Pending
T0295,ENG_023,Points,Engineering,CORR_01,SEC_H_I,Preventive,Component replacement required,2025-12-15,30,2026-09-20,0,7.01,22.0,2,6,9,90,20,TRACK_TEAM_A,Engineering Block,TRACK_TEAM_A|TRACK_TEAM_B,Pending
T0296,TRD_031,OHE,TRD,CORR_01,SEC_B_C,Corrective,Component replacement required,2025-09-22,60,2025-11-21,296,5.43,4.3,2,6,4,120,15,TRD_TEAM_A,OHE Block,TRD_TEAM_A|TRD_TEAM_B,Pending
T0297,ENG_028,Points,Engineering,CORR_01,SEC_C_D,Inspection,Component replacement required,2023-08-05,365,2024-08-04,770,5.11,12.4,3,6,8,90,15,TRACK_TEAM_B,Engineering Block,TRACK_TEAM_B|TRACK_TEAM_A,Pending
T0298,S&T_044,Telecom,S&T,CORR_01,SEC_C_D,Preventive,Operational reliability issue,2026-02-26,60,2026-04-27,139,8.03,30.1,4,5,6,45,30,SNT_TEAM_B,Signal Block,SNT_TEAM_B|TEST_EQUIPMENT_01,Pending
T0299,TRD_042,Contact Wire,TRD,CORR_01,SEC_D_E,Preventive,Condition deterioration detected,2026-03-29,30,2026-04-28,138,9.12,34.7,4,3,9,30,10,TRD_TEAM_B,OHE Block,TRD_TEAM_B|OHE_VEHICLE_01,Pending
T0300,S&T_011,Telecom,S&T,CORR_01,SEC_D_E,Corrective,Routine preventive maintenance,2023-12-03,30,2024-01-02,985,1.72,23.0,5,8,9,360,30,SNT_TEAM_B,Signal Block,SNT_TEAM_B|SNT_TEAM_A,Pending
