resource_id,resource_name,department,resource_type,specialization,capacity_per_day,available_units,availability_status
RES001,TRD_TEAM_A,TRD,Maintenance Team,Traction,3,1,Available
RES002,TRD_TEAM_B,TRD,Maintenance Team,Traction,2,1,Available
RES003,ENG_TEAM_A,Engineering,Maintenance Team,Track,3,1,Available
RES004,ENG_TEAM_B,Engineering,Maintenance Team,Bridge,2,1,Available
RES005,SNT_TEAM_A,S&T,Maintenance Team,Signalling,3,1,Available
RES006,SNT_TEAM_B,S&T,Maintenance Team,Telecommunication,2,1,Available
RES007,TOWER_WAGON_01,TRD,Equipment,Traction,2,1,Available
RES008,TRACK_MACHINE_01,Engineering,Equipment,Track,2,1,Available
RES009,SIGNAL_TEST_KIT_01,S&T,Equipment,Signalling,3,1,Available
