movement_id,train_id,train_type,corridor_id,direction,scheduled_departure,scheduled_arrival,duration_minutes,speed_kmph,is_peak_period,operational_priority
MOV00001,TRN01001,Passenger,C1,DOWN,2026-09-14 07:15:00,2026-09-14 08:02:00,47,130,True,Medium
MOV00002,TRN01002,Passenger,C5,UP,2026-09-14 18:45:00,2026-09-14 19:19:00,34,45,True,Medium
MOV00003,TRN01003,Passenger,C2,UP,2026-09-14 16:00:00,2026-09-14 17:41:00,101,60,False,Medium
MOV00004,TRN01004,Superfast,C2,DOWN,2026-09-14 18:30:00,2026-09-14 20:43:00,133,45,True,High
MOV00005,TRN01005,Express,C4,DOWN,2026-09-14 08:15:00,2026-09-14 09:12:00,57,75,True,High
MOV00006,TRN01006,Passenger,C1,DOWN,2026-09-14 03:30:00,2026-09-14 05:48:00,138,75,False,Medium
MOV00007,TRN01007,Freight,C1,DOWN,2026-09-14 17:00:00,2026-09-14 19:28:00,148,90,True,Medium
MOV00008,TRN01008,Passenger,C5,DOWN,2026-09-14 20:30:00,2026-09-14 22:13:00,103,60,True,Medium
MOV00009,TRN01009,Passenger,C1,UP,2026-09-14 09:00:00,2026-09-14 11:19:00,139,60,True,Medium
MOV00010,TRN01010,Passenger,C4,DOWN,2026-09-14 14:30:00,2026-09-14 15:20:00,50,75,False,Medium
MOV00011,TRN01011,Freight,C2,DOWN,2026-09-14 22:00:00,2026-09-14 23:47:00,107,130,False,Medium
MOV00012,TRN01012,Express,C5,UP,2026-09-14 05:45:00,2026-09-14 07:03:00,78,75,False,High
MOV00013,TRN01013,Express,C3,UP,2026-09-14 07:00:00,2026-09-14 09:13:00,133,75,True,High
MOV00014,TRN01014,Superfast,C3,UP,2026-09-14 06:30:00,2026-09-14 07:27:00,57,130,False,High
MOV00015,TRN01015,Superfast,C4,DOWN,2026-09-14 04:30:00,2026-09-14 05:17:00,47,60,False,High
MOV00016,TRN01016,Freight,C5,DOWN,2026-09-14 18:45:00,2026-09-14 20:01:00,76,60,True,Medium
MOV00017,TRN01017,Express,C5,DOWN,2026-09-14 02:00:00,2026-09-14 04:20:00,140,45,False,High
MOV00018,TRN01018,Express,C2,DOWN,2026-09-14 19:00:00,2026-09-14 20:19:00,79,90,True,High
MOV00019,TRN01019,Superfast,C5,DOWN,2026-09-14 17:00:00,2026-09-14 18:57:00,117,130,True,High
MOV00020,TRN01020,Passenger,C5,DOWN,2026-09-14 20:30:00,2026-09-14 21:14:00,44,75,True,Medium
MOV00021,TRN02001,Superfast,C2,DOWN,2026-09-15 00:30:00,2026-09-15 02:04:00,94,60,False,High
MOV00022,TRN02002,Passenger,C3,UP,2026-09-15 04:30:00,2026-09-15 06:37:00,127,60,False,Medium
MOV00023,TRN02003,Passenger,C5,DOWN,2026-09-15 15:00:00,2026-09-15 15:44:00,44,75,False,Medium
MOV00024,TRN02004,Freight,C2,UP,2026-09-15 07:00:00,2026-09-15 07:40:00,40,130,True,Medium
MOV00025,TRN02005,Superfast,C1,UP,2026-09-15 04:45:00,2026-09-15 06:25:00,100,60,False,High
MOV00026,TRN02006,Freight,C5,DOWN,2026-09-15 06:15:00,2026-09-15 08:16:00,121,75,False,Medium
MOV00027,TRN02007,Superfast,C3,DOWN,2026-09-15 16:45:00,2026-09-15 17:30:00,45,60,False,High
MOV00028,TRN02008,Express,C1,DOWN,2026-09-15 00:15:00,2026-09-15 02:00:00,105,60,False,High
MOV00029,TRN02009,Passenger,C1,UP,2026-09-15 07:00:00,2026-09-15 09:25:00,145,45,True,Medium
MOV00030,TRN02010,Freight,C1,UP,2026-09-15 08:45:00,2026-09-15 09:42:00,57,110,True,Medium
MOV00031,TRN02011,Express,C5,DOWN,2026-09-15 07:45:00,2026-09-15 09:58:00,133,90,True,High
MOV00032,TRN02012,Express,C1,UP,2026-09-15 21:45:00,2026-09-15 23:00:00,75,90,False,High
MOV00033,TRN02013,Superfast,C4,UP,2026-09-15 21:00:00,2026-09-15 21:37:00,37,90,False,High
MOV00034,TRN02014,Freight,C1,UP,2026-09-15 06:15:00,2026-09-15 07:53:00,98,90,False,Medium
MOV00035,TRN02015,Express,C4,UP,2026-09-15 08:45:00,2026-09-15 09:46:00,61,45,True,High
MOV00036,TRN02016,Superfast,C5,UP,2026-09-15 01:00:00,2026-09-15 01:41:00,41,60,False,High
MOV00037,TRN02017,Express,C4,DOWN,2026-09-15 15:15:00,2026-09-15 17:35:00,140,90,False,High
MOV00038,TRN02018,Passenger,C2,DOWN,2026-09-15 00:45:00,2026-09-15 01:48:00,63,90,False,Medium
MOV00039,TRN02019,Freight,C4,DOWN,2026-09-15 04:15:00,2026-09-15 05:22:00,67,60,False,Medium
MOV00040,TRN02020,Passenger,C5,UP,2026-09-15 10:00:00,2026-09-15 10:36:00,36,110,False,Medium
MOV00041,TRN03001,Superfast,C5,UP,2026-09-16 01:00:00,2026-09-16 03:18:00,138,60,False,High
MOV00042,TRN03002,Passenger,C5,UP,2026-09-16 21:15:00,2026-09-16 22:36:00,81,45,False,Medium
MOV00043,TRN03003,Express,C5,UP,2026-09-16 19:00:00,2026-09-16 20:23:00,83,130,True,High
MOV00044,TRN03004,Freight,C3,UP,2026-09-16 21:30:00,2026-09-16 22:30:00,60,75,False,Medium
MOV00045,TRN03005,Superfast,C2,DOWN,2026-09-16 14:30:00,2026-09-16 16:58:00,148,45,False,High
MOV00046,TRN03006,Passenger,C4,UP,2026-09-16 02:15:00,2026-09-16 03:49:00,94,75,False,Medium
MOV00047,TRN03007,Express,C3,UP,2026-09-16 07:30:00,2026-09-16 08:36:00,66,60,True,High
MOV00048,TRN03008,Superfast,C5,DOWN,2026-09-16 19:00:00,2026-09-16 20:55:00,115,110,True,High
MOV00049,TRN03009,Freight,C1,UP,2026-09-16 08:00:00,2026-09-16 10:23:00,143,45,True,Medium
MOV00050,TRN03010,Express,C3,DOWN,2026-09-16 19:15:00,2026-09-16 21:16:00,121,75,True,High
MOV00051,TRN03011,Express,C3,DOWN,2026-09-16 08:00:00,2026-09-16 08:41:00,41,130,True,High
MOV00052,TRN03012,Superfast,C3,UP,2026-09-16 00:30:00,2026-09-16 02:38:00,128,60,False,High
MOV00053,TRN03013,Freight,C2,DOWN,2026-09-16 17:45:00,2026-09-16 19:26:00,101,45,True,Medium
MOV00054,TRN03014,Passenger,C1,UP,2026-09-16 17:00:00,2026-09-16 19:16:00,136,75,True,Medium
MOV00055,TRN03015,Express,C4,UP,2026-09-16 01:30:00,2026-09-16 02:46:00,76,45,False,High
MOV00056,TRN03016,Freight,C2,UP,2026-09-16 21:00:00,2026-09-16 22:15:00,75,110,False,Medium
MOV00057,TRN03017,Superfast,C5,UP,2026-09-16 07:15:00,2026-09-16 09:27:00,132,60,True,High
MOV00058,TRN03018,Superfast,C1,UP,2026-09-16 10:45:00,2026-09-16 12:57:00,132,130,False,High
MOV00059,TRN03019,Express,C3,UP,2026-09-16 22:00:00,2026-09-16 23:18:00,78,45,False,High
MOV00060,TRN03020,Superfast,C2,UP,2026-09-16 14:30:00,2026-09-16 15:39:00,69,60,False,High
MOV00061,TRN04001,Express,C1,UP,2026-09-17 12:30:00,2026-09-17 13:35:00,65,45,False,High
MOV00062,TRN04002,Freight,C3,DOWN,2026-09-17 21:30:00,2026-09-18 00:00:00,150,45,False,Medium
MOV00063,TRN04003,Passenger,C3,UP,2026-09-17 18:30:00,2026-09-17 19:04:00,34,45,True,Medium
MOV00064,TRN04004,Superfast,C3,DOWN,2026-09-17 13:00:00,2026-09-17 14:19:00,79,110,False,High
MOV00065,TRN04005,Express,C3,UP,2026-09-17 22:45:00,2026-09-17 23:15:00,30,110,False,High
MOV00066,TRN04006,Express,C3,DOWN,2026-09-17 02:30:00,2026-09-17 04:19:00,109,75,False,High
MOV00067,TRN04007,Passenger,C3,DOWN,2026-09-17 21:45:00,2026-09-17 22:56:00,71,90,False,Medium
MOV00068,TRN04008,Freight,C5,UP,2026-09-17 06:45:00,2026-09-17 08:40:00,115,90,False,Medium
MOV00069,TRN04009,Express,C5,DOWN,2026-09-17 12:00:00,2026-09-17 13:08:00,68,75,False,High
MOV00070,TRN04010,Express,C4,DOWN,2026-09-17 14:45:00,2026-09-17 16:11:00,86,130,False,High
MOV00071,TRN04011,Express,C5,DOWN,2026-09-17 05:00:00,2026-09-17 06:06:00,66,110,False,High
MOV00072,TRN04012,Freight,C1,UP,2026-09-17 21:30:00,2026-09-17 22:28:00,58,60,False,Medium
MOV00073,TRN04013,Express,C1,UP,2026-09-17 07:45:00,2026-09-17 09:33:00,108,45,True,High
MOV00074,TRN04014,Superfast,C4,UP,2026-09-17 22:45:00,2026-09-18 00:18:00,93,90,False,High
MOV00075,TRN04015,Express,C2,UP,2026-09-17 03:45:00,2026-09-17 04:43:00,58,60,False,High
MOV00076,TRN04016,Superfast,C1,UP,2026-09-17 03:45:00,2026-09-17 04:32:00,47,90,False,High
MOV00077,TRN04017,Freight,C4,DOWN,2026-09-17 17:45:00,2026-09-17 20:09:00,144,60,True,Medium
MOV00078,TRN04018,Superfast,C4,DOWN,2026-09-17 07:30:00,2026-09-17 09:38:00,128,110,True,High
MOV00079,TRN04019,Superfast,C2,DOWN,2026-09-17 14:00:00,2026-09-17 16:01:00,121,75,False,High
MOV00080,TRN04020,Express,C3,DOWN,2026-09-17 10:00:00,2026-09-17 10:47:00,47,60,False,High
MOV00081,TRN05001,Express,C4,UP,2026-09-18 22:15:00,2026-09-18 22:53:00,38,90,False,High
MOV00082,TRN05002,Superfast,C3,DOWN,2026-09-18 13:00:00,2026-09-18 13:56:00,56,90,False,High
MOV00083,TRN05003,Superfast,C5,UP,2026-09-18 18:45:00,2026-09-18 20:16:00,91,45,True,High
MOV00084,TRN05004,Freight,C3,DOWN,2026-09-18 13:15:00,2026-09-18 14:47:00,92,60,False,Medium
MOV00085,TRN05005,Freight,C4,DOWN,2026-09-18 00:45:00,2026-09-18 01:58:00,73,130,False,Medium
MOV00086,TRN05006,Superfast,C2,DOWN,2026-09-18 04:00:00,2026-09-18 06:26:00,146,90,False,High
MOV00087,TRN05007,Passenger,C1,DOWN,2026-09-18 04:45:00,2026-09-18 05:38:00,53,45,False,Medium
MOV00088,TRN05008,Freight,C4,DOWN,2026-09-18 06:45:00,2026-09-18 07:56:00,71,75,False,Medium
MOV00089,TRN05009,Superfast,C3,DOWN,2026-09-18 08:00:00,2026-09-18 09:30:00,90,45,True,High
MOV00090,TRN05010,Passenger,C3,UP,2026-09-18 20:00:00,2026-09-18 22:09:00,129,130,True,Medium
MOV00091,TRN05011,Passenger,C1,UP,2026-09-18 06:00:00,2026-09-18 07:49:00,109,60,False,Medium
MOV00092,TRN05012,Express,C2,DOWN,2026-09-18 21:00:00,2026-09-18 22:42:00,102,60,False,High
MOV00093,TRN05013,Superfast,C3,DOWN,2026-09-18 05:00:00,2026-09-18 07:09:00,129,60,False,High
MOV00094,TRN05014,Freight,C1,UP,2026-09-18 09:45:00,2026-09-18 11:05:00,80,130,True,Medium
MOV00095,TRN05015,Express,C1,UP,2026-09-18 03:30:00,2026-09-18 05:48:00,138,130,False,High
MOV00096,TRN05016,Passenger,C5,UP,2026-09-18 11:45:00,2026-09-18 13:39:00,114,75,False,Medium
MOV00097,TRN05017,Passenger,C5,DOWN,2026-09-18 00:45:00,2026-09-18 03:00:00,135,90,False,Medium
MOV00098,TRN05018,Passenger,C4,DOWN,2026-09-18 20:45:00,2026-09-18 22:45:00,120,60,True,Medium
MOV00099,TRN05019,Superfast,C2,DOWN,2026-09-18 19:45:00,2026-09-18 21:14:00,89,90,True,High
MOV00100,TRN05020,Freight,C3,UP,2026-09-18 02:30:00,2026-09-18 04:52:00,142,90,False,Medium
MOV00101,TRN06001,Express,C4,DOWN,2026-09-19 10:00:00,2026-09-19 11:33:00,93,75,False,High
MOV00102,TRN06002,Express,C4,UP,2026-09-19 11:30:00,2026-09-19 12:43:00,73,75,False,High
MOV00103,TRN06003,Freight,C5,UP,2026-09-19 16:15:00,2026-09-19 16:55:00,40,60,False,Medium
MOV00104,TRN06004,Superfast,C4,UP,2026-09-19 22:45:00,2026-09-20 00:37:00,112,130,False,High
MOV00105,TRN06005,Superfast,C4,UP,2026-09-19 02:30:00,2026-09-19 03:28:00,58,90,False,High
MOV00106,TRN06006,Express,C3,DOWN,2026-09-19 15:30:00,2026-09-19 16:54:00,84,130,False,High
MOV00107,TRN06007,Freight,C3,DOWN,2026-09-19 08:30:00,2026-09-19 09:32:00,62,60,True,Medium
MOV00108,TRN06008,Passenger,C2,DOWN,2026-09-19 03:15:00,2026-09-19 04:09:00,54,60,False,Medium
MOV00109,TRN06009,Superfast,C3,DOWN,2026-09-19 03:15:00,2026-09-19 04:22:00,67,60,False,High
MOV00110,TRN06010,Freight,C2,DOWN,2026-09-19 00:15:00,2026-09-19 01:20:00,65,45,False,Medium
MOV00111,TRN06011,Passenger,C5,DOWN,2026-09-19 22:15:00,2026-09-20 00:06:00,111,90,False,Medium
MOV00112,TRN06012,Passenger,C1,DOWN,2026-09-19 15:45:00,2026-09-19 17:11:00,86,75,False,Medium
MOV00113,TRN06013,Express,C1,DOWN,2026-09-19 15:00:00,2026-09-19 17:15:00,135,45,False,High
MOV00114,TRN06014,Superfast,C4,UP,2026-09-19 18:00:00,2026-09-19 18:49:00,49,60,True,High
MOV00115,TRN06015,Freight,C1,UP,2026-09-19 03:45:00,2026-09-19 05:32:00,107,110,False,Medium
MOV00116,TRN06016,Express,C5,DOWN,2026-09-19 14:45:00,2026-09-19 15:53:00,68,110,False,High
MOV00117,TRN06017,Superfast,C3,UP,2026-09-19 19:00:00,2026-09-19 21:07:00,127,60,True,High
MOV00118,TRN06018,Express,C3,UP,2026-09-19 05:15:00,2026-09-19 06:07:00,52,110,False,High
MOV00119,TRN06019,Passenger,C2,UP,2026-09-19 13:45:00,2026-09-19 15:43:00,118,110,False,Medium
MOV00120,TRN06020,Superfast,C3,UP,2026-09-19 07:30:00,2026-09-19 09:30:00,120,75,True,High
MOV00121,TRN07001,Superfast,C1,UP,2026-09-20 08:15:00,2026-09-20 09:39:00,84,45,True,High
MOV00122,TRN07002,Express,C2,DOWN,2026-09-20 04:00:00,2026-09-20 04:37:00,37,60,False,High
MOV00123,TRN07003,Freight,C5,DOWN,2026-09-20 14:00:00,2026-09-20 15:29:00,89,130,False,Medium
MOV00124,TRN07004,Freight,C4,DOWN,2026-09-20 16:45:00,2026-09-20 18:11:00,86,45,False,Medium
MOV00125,TRN07005,Passenger,C4,DOWN,2026-09-20 19:30:00,2026-09-20 20:03:00,33,45,True,Medium
MOV00126,TRN07006,Express,C5,UP,2026-09-20 21:30:00,2026-09-20 23:13:00,103,45,False,High
MOV00127,TRN07007,Express,C4,DOWN,2026-09-20 08:15:00,2026-09-20 09:59:00,104,90,True,High
MOV00128,TRN07008,Superfast,C1,DOWN,2026-09-20 11:45:00,2026-09-20 12:57:00,72,75,False,High
MOV00129,TRN07009,Passenger,C2,DOWN,2026-09-20 13:45:00,2026-09-20 14:51:00,66,130,False,Medium
MOV00130,TRN07010,Superfast,C5,UP,2026-09-20 14:00:00,2026-09-20 15:10:00,70,75,False,High
MOV00131,TRN07011,Freight,C1,DOWN,2026-09-20 16:00:00,2026-09-20 17:54:00,114,110,False,Medium
MOV00132,TRN07012,Superfast,C4,UP,2026-09-20 06:30:00,2026-09-20 08:19:00,109,90,False,High
MOV00133,TRN07013,Superfast,C1,UP,2026-09-20 08:15:00,2026-09-20 10:43:00,148,75,True,High
MOV00134,TRN07014,Superfast,C4,UP,2026-09-20 00:15:00,2026-09-20 02:15:00,120,60,False,High
MOV00135,TRN07015,Freight,C5,UP,2026-09-20 17:45:00,2026-09-20 18:26:00,41,60,True,Medium
MOV00136,TRN07016,Passenger,C4,UP,2026-09-20 20:15:00,2026-09-20 21:48:00,93,130,True,Medium
MOV00137,TRN07017,Freight,C5,DOWN,2026-09-20 13:45:00,2026-09-20 15:15:00,90,60,False,Medium
MOV00138,TRN07018,Superfast,C5,UP,2026-09-20 12:15:00,2026-09-20 14:42:00,147,110,False,High
MOV00139,TRN07019,Express,C1,DOWN,2026-09-20 13:30:00,2026-09-20 15:59:00,149,110,False,High
MOV00140,TRN07020,Freight,C1,DOWN,2026-09-20 09:45:00,2026-09-20 12:05:00,140,60,True,Medium
MOV00141,TRN08001,Superfast,C5,DOWN,2026-09-21 11:30:00,2026-09-21 13:10:00,100,110,False,High
MOV00142,TRN08002,Superfast,C4,DOWN,2026-09-21 06:15:00,2026-09-21 07:58:00,103,90,False,High
MOV00143,TRN08003,Express,C4,UP,2026-09-21 10:45:00,2026-09-21 12:45:00,120,90,False,High
MOV00144,TRN08004,Superfast,C2,DOWN,2026-09-21 01:15:00,2026-09-21 02:49:00,94,110,False,High
MOV00145,TRN08005,Freight,C1,DOWN,2026-09-21 03:45:00,2026-09-21 04:16:00,31,130,False,Medium
MOV00146,TRN08006,Express,C4,UP,2026-09-21 02:45:00,2026-09-21 04:55:00,130,75,False,High
MOV00147,TRN08007,Freight,C5,DOWN,2026-09-21 20:00:00,2026-09-21 22:19:00,139,75,True,Medium
MOV00148,TRN08008,Superfast,C3,DOWN,2026-09-21 17:00:00,2026-09-21 18:49:00,109,45,True,High
MOV00149,TRN08009,Express,C3,UP,2026-09-21 02:45:00,2026-09-21 03:27:00,42,130,False,High
MOV00150,TRN08010,Passenger,C4,UP,2026-09-21 22:30:00,2026-09-22 00:55:00,145,45,False,Medium
MOV00151,TRN08011,Passenger,C3,UP,2026-09-21 09:30:00,2026-09-21 10:47:00,77,90,True,Medium
MOV00152,TRN08012,Express,C2,DOWN,2026-09-21 18:15:00,2026-09-21 19:06:00,51,60,True,High
MOV00153,TRN08013,Passenger,C5,DOWN,2026-09-21 19:15:00,2026-09-21 20:48:00,93,110,True,Medium
MOV00154,TRN08014,Express,C2,DOWN,2026-09-21 20:30:00,2026-09-21 21:58:00,88,75,True,High
MOV00155,TRN08015,Passenger,C4,DOWN,2026-09-21 21:15:00,2026-09-21 21:54:00,39,90,False,Medium
MOV00156,TRN08016,Freight,C5,DOWN,2026-09-21 20:45:00,2026-09-21 22:43:00,118,75,True,Medium
MOV00157,TRN08017,Superfast,C3,UP,2026-09-21 12:45:00,2026-09-21 13:28:00,43,60,False,High
MOV00158,TRN08018,Superfast,C5,DOWN,2026-09-21 18:30:00,2026-09-21 20:29:00,119,75,True,High
MOV00159,TRN08019,Passenger,C4,DOWN,2026-09-21 00:00:00,2026-09-21 02:26:00,146,110,False,Medium
MOV00160,TRN08020,Superfast,C3,UP,2026-09-21 19:30:00,2026-09-21 20:28:00,58,130,True,High
MOV00161,TRN09001,Express,C5,DOWN,2026-09-22 21:15:00,2026-09-22 23:05:00,110,45,False,High
MOV00162,TRN09002,Passenger,C3,DOWN,2026-09-22 01:30:00,2026-09-22 03:33:00,123,60,False,Medium
MOV00163,TRN09003,Passenger,C3,DOWN,2026-09-22 13:15:00,2026-09-22 14:10:00,55,60,False,Medium
MOV00164,TRN09004,Freight,C5,DOWN,2026-09-22 05:30:00,2026-09-22 07:56:00,146,90,False,Medium
MOV00165,TRN09005,Freight,C3,UP,2026-09-22 14:00:00,2026-09-22 14:48:00,48,60,False,Medium
MOV00166,TRN09006,Superfast,C5,DOWN,2026-09-22 02:45:00,2026-09-22 03:16:00,31,75,False,High
MOV00167,TRN09007,Passenger,C4,DOWN,2026-09-22 21:30:00,2026-09-22 23:14:00,104,90,False,Medium
MOV00168,TRN09008,Freight,C1,UP,2026-09-22 15:00:00,2026-09-22 16:49:00,109,110,False,Medium
MOV00169,TRN09009,Freight,C5,UP,2026-09-22 20:00:00,2026-09-22 21:51:00,111,90,True,Medium
MOV00170,TRN09010,Freight,C4,UP,2026-09-22 04:00:00,2026-09-22 04:34:00,34,75,False,Medium
MOV00171,TRN09011,Superfast,C1,UP,2026-09-22 07:15:00,2026-09-22 08:34:00,79,90,True,High
MOV00172,TRN09012,Freight,C5,DOWN,2026-09-22 18:15:00,2026-09-22 20:38:00,143,90,True,Medium
MOV00173,TRN09013,Passenger,C4,DOWN,2026-09-22 08:00:00,2026-09-22 09:58:00,118,75,True,Medium
MOV00174,TRN09014,Express,C4,DOWN,2026-09-22 07:30:00,2026-09-22 08:12:00,42,130,True,High
MOV00175,TRN09015,Freight,C5,DOWN,2026-09-22 01:45:00,2026-09-22 02:50:00,65,60,False,Medium
MOV00176,TRN09016,Passenger,C4,UP,2026-09-22 21:15:00,2026-09-22 23:07:00,112,130,False,Medium
MOV00177,TRN09017,Passenger,C1,DOWN,2026-09-22 07:15:00,2026-09-22 09:25:00,130,110,True,Medium
MOV00178,TRN09018,Express,C1,UP,2026-09-22 18:15:00,2026-09-22 20:29:00,134,60,True,High
MOV00179,TRN09019,Freight,C2,UP,2026-09-22 08:15:00,2026-09-22 09:01:00,46,110,True,Medium
MOV00180,TRN09020,Freight,C2,UP,2026-09-22 21:00:00,2026-09-22 21:46:00,46,45,False,Medium
MOV00181,TRN10001,Freight,C2,DOWN,2026-09-23 00:15:00,2026-09-23 01:18:00,63,45,False,Medium
MOV00182,TRN10002,Express,C4,UP,2026-09-23 02:45:00,2026-09-23 04:12:00,87,75,False,High
MOV00183,TRN10003,Passenger,C4,UP,2026-09-23 19:00:00,2026-09-23 21:03:00,123,130,True,Medium
MOV00184,TRN10004,Freight,C4,UP,2026-09-23 01:45:00,2026-09-23 04:03:00,138,90,False,Medium
MOV00185,TRN10005,Superfast,C1,DOWN,2026-09-23 22:45:00,2026-09-23 23:24:00,39,45,False,High
MOV00186,TRN10006,Freight,C5,UP,2026-09-23 02:15:00,2026-09-23 03:20:00,65,110,False,Medium
MOV00187,TRN10007,Freight,C4,DOWN,2026-09-23 14:45:00,2026-09-23 15:27:00,42,130,False,Medium
MOV00188,TRN10008,Passenger,C5,UP,2026-09-23 13:45:00,2026-09-23 16:08:00,143,60,False,Medium
MOV00189,TRN10009,Superfast,C3,DOWN,2026-09-23 12:45:00,2026-09-23 14:48:00,123,45,False,High
MOV00190,TRN10010,Freight,C4,DOWN,2026-09-23 21:30:00,2026-09-23 22:47:00,77,60,False,Medium
MOV00191,TRN10011,Superfast,C1,UP,2026-09-23 02:00:00,2026-09-23 03:25:00,85,45,False,High
MOV00192,TRN10012,Freight,C2,UP,2026-09-23 18:30:00,2026-09-23 20:25:00,115,45,True,Medium
MOV00193,TRN10013,Superfast,C3,DOWN,2026-09-23 01:30:00,2026-09-23 03:16:00,106,75,False,High
MOV00194,TRN10014,Freight,C1,UP,2026-09-23 04:45:00,2026-09-23 05:43:00,58,45,False,Medium
MOV00195,TRN10015,Freight,C5,DOWN,2026-09-23 03:30:00,2026-09-23 05:13:00,103,60,False,Medium
MOV00196,TRN10016,Superfast,C5,UP,2026-09-23 19:30:00,2026-09-23 20:03:00,33,60,True,High
MOV00197,TRN10017,Freight,C3,DOWN,2026-09-23 11:00:00,2026-09-23 11:53:00,53,60,False,Medium
MOV00198,TRN10018,Superfast,C1,UP,2026-09-23 20:00:00,2026-09-23 20:41:00,41,130,True,High
MOV00199,TRN10019,Express,C4,DOWN,2026-09-23 14:30:00,2026-09-23 15:20:00,50,75,False,High
MOV00200,TRN10020,Freight,C3,UP,2026-09-23 01:15:00,2026-09-23 02:05:00,50,110,False,Medium
MOV00201,TRN11001,Passenger,C1,DOWN,2026-09-24 14:45:00,2026-09-24 16:17:00,92,110,False,Medium
MOV00202,TRN11002,Superfast,C4,DOWN,2026-09-24 06:00:00,2026-09-24 07:14:00,74,90,False,High
MOV00203,TRN11003,Passenger,C3,DOWN,2026-09-24 16:30:00,2026-09-24 17:05:00,35,60,False,Medium
MOV00204,TRN11004,Superfast,C5,UP,2026-09-24 00:15:00,2026-09-24 01:23:00,68,60,False,High
MOV00205,TRN11005,Express,C3,DOWN,2026-09-24 10:00:00,2026-09-24 10:30:00,30,90,False,High
MOV00206,TRN11006,Superfast,C2,UP,2026-09-24 12:15:00,2026-09-24 13:49:00,94,110,False,High
MOV00207,TRN11007,Freight,C1,DOWN,2026-09-24 01:45:00,2026-09-24 02:17:00,32,90,False,Medium
MOV00208,TRN11008,Passenger,C3,DOWN,2026-09-24 18:45:00,2026-09-24 20:45:00,120,130,True,Medium
MOV00209,TRN11009,Superfast,C3,UP,2026-09-24 12:00:00,2026-09-24 13:11:00,71,60,False,High
MOV00210,TRN11010,Superfast,C3,UP,2026-09-24 13:00:00,2026-09-24 14:01:00,61,90,False,High
MOV00211,TRN11011,Superfast,C5,UP,2026-09-24 12:30:00,2026-09-24 14:35:00,125,75,False,High
MOV00212,TRN11012,Express,C3,UP,2026-09-24 02:00:00,2026-09-24 03:37:00,97,110,False,High
MOV00213,TRN11013,Express,C3,DOWN,2026-09-24 20:15:00,2026-09-24 21:15:00,60,45,True,High
MOV00214,TRN11014,Express,C3,UP,2026-09-24 05:15:00,2026-09-24 07:22:00,127,130,False,High
MOV00215,TRN11015,Passenger,C2,DOWN,2026-09-24 14:45:00,2026-09-24 16:42:00,117,110,False,Medium
MOV00216,TRN11016,Freight,C3,UP,2026-09-24 14:00:00,2026-09-24 15:30:00,90,90,False,Medium
MOV00217,TRN11017,Freight,C3,UP,2026-09-24 11:00:00,2026-09-24 12:09:00,69,90,False,Medium
MOV00218,TRN11018,Superfast,C1,UP,2026-09-24 11:30:00,2026-09-24 12:09:00,39,130,False,High
MOV00219,TRN11019,Passenger,C5,DOWN,2026-09-24 14:00:00,2026-09-24 15:27:00,87,110,False,Medium
MOV00220,TRN11020,Express,C3,DOWN,2026-09-24 16:15:00,2026-09-24 16:52:00,37,90,False,High
MOV00221,TRN12001,Passenger,C3,UP,2026-09-25 16:15:00,2026-09-25 16:50:00,35,60,False,Medium
MOV00222,TRN12002,Superfast,C4,UP,2026-09-25 11:30:00,2026-09-25 13:57:00,147,75,False,High
MOV00223,TRN12003,Superfast,C4,DOWN,2026-09-25 21:00:00,2026-09-25 23:11:00,131,130,False,High
MOV00224,TRN12004,Freight,C1,DOWN,2026-09-25 03:45:00,2026-09-25 04:51:00,66,75,False,Medium
MOV00225,TRN12005,Express,C3,UP,2026-09-25 18:15:00,2026-09-25 20:42:00,147,75,True,High
MOV00226,TRN12006,Freight,C4,UP,2026-09-25 19:00:00,2026-09-25 20:09:00,69,110,True,Medium
MOV00227,TRN12007,Superfast,C3,UP,2026-09-25 21:00:00,2026-09-25 22:52:00,112,130,False,High
MOV00228,TRN12008,Superfast,C5,DOWN,2026-09-25 00:30:00,2026-09-25 01:39:00,69,60,False,High
MOV00229,TRN12009,Express,C3,DOWN,2026-09-25 06:15:00,2026-09-25 07:02:00,47,60,False,High
MOV00230,TRN12010,Passenger,C3,UP,2026-09-25 16:00:00,2026-09-25 17:54:00,114,75,False,Medium
MOV00231,TRN12011,Express,C5,DOWN,2026-09-25 04:15:00,2026-09-25 05:08:00,53,130,False,High
MOV00232,TRN12012,Express,C4,UP,2026-09-25 13:30:00,2026-09-25 15:26:00,116,130,False,High
MOV00233,TRN12013,Express,C4,DOWN,2026-09-25 14:15:00,2026-09-25 15:53:00,98,60,False,High
MOV00234,TRN12014,Freight,C4,UP,2026-09-25 11:45:00,2026-09-25 13:14:00,89,75,False,Medium
MOV00235,TRN12015,Superfast,C5,DOWN,2026-09-25 05:15:00,2026-09-25 07:27:00,132,110,False,High
MOV00236,TRN12016,Express,C3,UP,2026-09-25 20:45:00,2026-09-25 23:06:00,141,75,True,High
MOV00237,TRN12017,Passenger,C5,UP,2026-09-25 09:00:00,2026-09-25 11:07:00,127,60,True,Medium
MOV00238,TRN12018,Freight,C4,UP,2026-09-25 13:00:00,2026-09-25 15:26:00,146,60,False,Medium
MOV00239,TRN12019,Superfast,C3,UP,2026-09-25 13:00:00,2026-09-25 14:20:00,80,110,False,High
MOV00240,TRN12020,Freight,C2,DOWN,2026-09-25 02:30:00,2026-09-25 03:28:00,58,45,False,Medium
MOV00241,TRN13001,Freight,C1,DOWN,2026-09-26 04:15:00,2026-09-26 04:49:00,34,75,False,Medium
MOV00242,TRN13002,Superfast,C2,DOWN,2026-09-26 14:00:00,2026-09-26 16:25:00,145,45,False,High
MOV00243,TRN13003,Passenger,C3,UP,2026-09-26 04:45:00,2026-09-26 05:29:00,44,75,False,Medium
MOV00244,TRN13004,Express,C3,UP,2026-09-26 01:15:00,2026-09-26 02:38:00,83,130,False,High
MOV00245,TRN13005,Superfast,C1,UP,2026-09-26 15:00:00,2026-09-26 16:50:00,110,110,False,High
MOV00246,TRN13006,Express,C2,DOWN,2026-09-26 13:00:00,2026-09-26 14:48:00,108,75,False,High
MOV00247,TRN13007,Express,C5,DOWN,2026-09-26 05:00:00,2026-09-26 06:37:00,97,75,False,High
MOV00248,TRN13008,Passenger,C5,UP,2026-09-26 12:45:00,2026-09-26 13:20:00,35,130,False,Medium
MOV00249,TRN13009,Superfast,C3,DOWN,2026-09-26 00:30:00,2026-09-26 02:40:00,130,45,False,High
MOV00250,TRN13010,Freight,C2,UP,2026-09-26 18:30:00,2026-09-26 19:17:00,47,45,True,Medium
MOV00251,TRN13011,Freight,C5,DOWN,2026-09-26 20:15:00,2026-09-26 22:31:00,136,130,True,Medium
MOV00252,TRN13012,Superfast,C4,UP,2026-09-26 04:00:00,2026-09-26 06:01:00,121,90,False,High
MOV00253,TRN13013,Passenger,C3,UP,2026-09-26 01:15:00,2026-09-26 03:38:00,143,45,False,Medium
MOV00254,TRN13014,Freight,C3,DOWN,2026-09-26 17:45:00,2026-09-26 18:47:00,62,45,True,Medium
MOV00255,TRN13015,Express,C3,DOWN,2026-09-26 01:30:00,2026-09-26 02:34:00,64,45,False,High
MOV00256,TRN13016,Freight,C4,DOWN,2026-09-26 14:45:00,2026-09-26 15:58:00,73,60,False,Medium
MOV00257,TRN13017,Superfast,C4,DOWN,2026-09-26 16:30:00,2026-09-26 18:42:00,132,45,False,High
MOV00258,TRN13018,Superfast,C1,DOWN,2026-09-26 19:15:00,2026-09-26 20:54:00,99,75,True,High
MOV00259,TRN13019,Freight,C1,UP,2026-09-26 10:30:00,2026-09-26 11:39:00,69,90,False,Medium
MOV00260,TRN13020,Superfast,C2,DOWN,2026-09-26 11:45:00,2026-09-26 12:20:00,35,130,False,High
MOV00261,TRN14001,Freight,C5,DOWN,2026-09-27 08:00:00,2026-09-27 08:39:00,39,130,True,Medium
MOV00262,TRN14002,Superfast,C3,UP,2026-09-27 00:15:00,2026-09-27 02:33:00,138,110,False,High
MOV00263,TRN14003,Superfast,C1,UP,2026-09-27 02:15:00,2026-09-27 04:24:00,129,130,False,High
MOV00264,TRN14004,Freight,C3,DOWN,2026-09-27 18:00:00,2026-09-27 19:47:00,107,60,True,Medium
MOV00265,TRN14005,Superfast,C3,DOWN,2026-09-27 14:00:00,2026-09-27 15:43:00,103,60,False,High
MOV00266,TRN14006,Freight,C4,DOWN,2026-09-27 20:30:00,2026-09-27 21:31:00,61,45,True,Medium
MOV00267,TRN14007,Passenger,C2,DOWN,2026-09-27 16:45:00,2026-09-27 19:11:00,146,110,False,Medium
MOV00268,TRN14008,Passenger,C3,DOWN,2026-09-27 22:45:00,2026-09-27 23:42:00,57,110,False,Medium
MOV00269,TRN14009,Freight,C4,UP,2026-09-27 03:15:00,2026-09-27 05:34:00,139,45,False,Medium
MOV00270,TRN14010,Superfast,C2,DOWN,2026-09-27 02:30:00,2026-09-27 04:25:00,115,75,False,High
MOV00271,TRN14011,Passenger,C5,DOWN,2026-09-27 09:15:00,2026-09-27 11:16:00,121,130,True,Medium
MOV00272,TRN14012,Express,C3,UP,2026-09-27 03:15:00,2026-09-27 05:26:00,131,60,False,High
MOV00273,TRN14013,Express,C4,UP,2026-09-27 11:30:00,2026-09-27 12:59:00,89,110,False,High
MOV00274,TRN14014,Express,C5,UP,2026-09-27 02:30:00,2026-09-27 03:50:00,80,130,False,High
MOV00275,TRN14015,Superfast,C5,DOWN,2026-09-27 13:00:00,2026-09-27 13:46:00,46,75,False,High
MOV00276,TRN14016,Passenger,C4,DOWN,2026-09-27 21:30:00,2026-09-27 22:16:00,46,110,False,Medium
MOV00277,TRN14017,Express,C2,DOWN,2026-09-27 16:00:00,2026-09-27 18:16:00,136,45,False,High
MOV00278,TRN14018,Express,C3,UP,2026-09-27 05:30:00,2026-09-27 07:59:00,149,130,False,High
MOV00279,TRN14019,Express,C3,DOWN,2026-09-27 02:30:00,2026-09-27 03:25:00,55,130,False,High
MOV00280,TRN14020,Freight,C2,DOWN,2026-09-27 19:00:00,2026-09-27 20:34:00,94,130,True,Medium
MOV00281,TRN15001,Express,C5,UP,2026-09-28 05:30:00,2026-09-28 07:47:00,137,110,False,High
MOV00282,TRN15002,Passenger,C1,UP,2026-09-28 01:30:00,2026-09-28 03:23:00,113,60,False,Medium
MOV00283,TRN15003,Superfast,C5,UP,2026-09-28 15:30:00,2026-09-28 17:22:00,112,75,False,High
MOV00284,TRN15004,Superfast,C2,DOWN,2026-09-28 09:45:00,2026-09-28 10:24:00,39,130,True,High
MOV00285,TRN15005,Passenger,C2,DOWN,2026-09-28 13:45:00,2026-09-28 15:14:00,89,60,False,Medium
MOV00286,TRN15006,Freight,C5,UP,2026-09-28 10:30:00,2026-09-28 12:33:00,123,75,False,Medium
MOV00287,TRN15007,Superfast,C2,DOWN,2026-09-28 16:00:00,2026-09-28 17:10:00,70,60,False,High
MOV00288,TRN15008,Superfast,C1,DOWN,2026-09-28 14:15:00,2026-09-28 15:03:00,48,45,False,High
MOV00289,TRN15009,Passenger,C3,DOWN,2026-09-28 19:45:00,2026-09-28 20:46:00,61,60,True,Medium
MOV00290,TRN15010,Freight,C5,DOWN,2026-09-28 06:15:00,2026-09-28 07:48:00,93,110,False,Medium
MOV00291,TRN15011,Superfast,C4,DOWN,2026-09-28 15:00:00,2026-09-28 15:41:00,41,90,False,High
MOV00292,TRN15012,Superfast,C2,UP,2026-09-28 18:30:00,2026-09-28 19:06:00,36,45,True,High
MOV00293,TRN15013,Freight,C4,DOWN,2026-09-28 09:00:00,2026-09-28 11:18:00,138,45,True,Medium
MOV00294,TRN15014,Superfast,C2,DOWN,2026-09-28 11:45:00,2026-09-28 13:01:00,76,45,False,High
MOV00295,TRN15015,Superfast,C1,UP,2026-09-28 11:30:00,2026-09-28 12:09:00,39,90,False,High
MOV00296,TRN15016,Superfast,C5,DOWN,2026-09-28 19:00:00,2026-09-28 19:46:00,46,45,True,High
MOV00297,TRN15017,Superfast,C3,DOWN,2026-09-28 17:30:00,2026-09-28 19:36:00,126,60,True,High
MOV00298,TRN15018,Express,C5,DOWN,2026-09-28 16:00:00,2026-09-28 16:35:00,35,45,False,High
MOV00299,TRN15019,Express,C3,DOWN,2026-09-28 16:45:00,2026-09-28 17:34:00,49,110,False,High
MOV00300,TRN15020,Express,C3,DOWN,2026-09-28 05:45:00,2026-09-28 07:33:00,108,130,False,High
MOV00301,TRN16001,Freight,C5,DOWN,2026-09-29 16:45:00,2026-09-29 18:45:00,120,110,False,Medium
MOV00302,TRN16002,Freight,C4,UP,2026-09-29 11:30:00,2026-09-29 13:26:00,116,45,False,Medium
MOV00303,TRN16003,Superfast,C5,DOWN,2026-09-29 22:00:00,2026-09-29 23:46:00,106,90,False,High
MOV00304,TRN16004,Freight,C5,UP,2026-09-29 01:45:00,2026-09-29 02:36:00,51,110,False,Medium
MOV00305,TRN16005,Superfast,C2,UP,2026-09-29 01:00:00,2026-09-29 01:54:00,54,45,False,High
MOV00306,TRN16006,Superfast,C3,DOWN,2026-09-29 04:45:00,2026-09-29 06:43:00,118,60,False,High
MOV00307,TRN16007,Superfast,C5,DOWN,2026-09-29 01:15:00,2026-09-29 02:51:00,96,60,False,High
MOV00308,TRN16008,Freight,C4,DOWN,2026-09-29 10:15:00,2026-09-29 11:43:00,88,110,False,Medium
MOV00309,TRN16009,Freight,C5,DOWN,2026-09-29 21:30:00,2026-09-29 23:18:00,108,90,False,Medium
MOV00310,TRN16010,Express,C2,DOWN,2026-09-29 17:30:00,2026-09-29 18:28:00,58,75,True,High
MOV00311,TRN16011,Freight,C2,DOWN,2026-09-29 10:45:00,2026-09-29 11:59:00,74,110,False,Medium
MOV00312,TRN16012,Freight,C3,UP,2026-09-29 18:45:00,2026-09-29 21:09:00,144,90,True,Medium
MOV00313,TRN16013,Freight,C2,DOWN,2026-09-29 01:30:00,2026-09-29 03:31:00,121,45,False,Medium
MOV00314,TRN16014,Freight,C4,DOWN,2026-09-29 15:15:00,2026-09-29 16:10:00,55,110,False,Medium
MOV00315,TRN16015,Freight,C5,DOWN,2026-09-29 04:00:00,2026-09-29 05:48:00,108,130,False,Medium
MOV00316,TRN16016,Express,C2,UP,2026-09-29 21:15:00,2026-09-29 23:06:00,111,60,False,High
MOV00317,TRN16017,Passenger,C1,DOWN,2026-09-29 10:45:00,2026-09-29 11:27:00,42,130,False,Medium
MOV00318,TRN16018,Express,C1,UP,2026-09-29 13:45:00,2026-09-29 15:16:00,91,130,False,High
MOV00319,TRN16019,Express,C3,DOWN,2026-09-29 09:00:00,2026-09-29 11:26:00,146,45,True,High
MOV00320,TRN16020,Express,C5,UP,2026-09-29 05:45:00,2026-09-29 08:07:00,142,60,False,High
MOV00321,TRN17001,Passenger,C4,DOWN,2026-09-30 05:30:00,2026-09-30 07:52:00,142,45,False,Medium
MOV00322,TRN17002,Passenger,C3,UP,2026-09-30 10:30:00,2026-09-30 11:58:00,88,130,False,Medium
MOV00323,TRN17003,Superfast,C2,DOWN,2026-09-30 08:15:00,2026-09-30 10:28:00,133,45,True,High
MOV00324,TRN17004,Freight,C2,DOWN,2026-09-30 20:30:00,2026-09-30 22:31:00,121,60,True,Medium
MOV00325,TRN17005,Passenger,C3,DOWN,2026-09-30 18:15:00,2026-09-30 19:07:00,52,110,True,Medium
MOV00326,TRN17006,Superfast,C4,DOWN,2026-09-30 02:45:00,2026-09-30 04:40:00,115,45,False,High
MOV00327,TRN17007,Express,C2,DOWN,2026-09-30 10:15:00,2026-09-30 10:45:00,30,75,False,High
MOV00328,TRN17008,Superfast,C2,DOWN,2026-09-30 08:30:00,2026-09-30 09:38:00,68,110,True,High
MOV00329,TRN17009,Passenger,C3,DOWN,2026-09-30 22:15:00,2026-09-30 22:52:00,37,130,False,Medium
MOV00330,TRN17010,Passenger,C4,DOWN,2026-09-30 05:45:00,2026-09-30 07:42:00,117,110,False,Medium
MOV00331,TRN17011,Freight,C1,DOWN,2026-09-30 11:15:00,2026-09-30 12:13:00,58,60,False,Medium
MOV00332,TRN17012,Superfast,C2,DOWN,2026-09-30 19:30:00,2026-09-30 20:53:00,83,130,True,High
MOV00333,TRN17013,Superfast,C5,UP,2026-09-30 07:00:00,2026-09-30 08:37:00,97,90,True,High
MOV00334,TRN17014,Freight,C1,UP,2026-09-30 01:15:00,2026-09-30 02:58:00,103,110,False,Medium
MOV00335,TRN17015,Express,C2,DOWN,2026-09-30 16:45:00,2026-09-30 17:29:00,44,130,False,High
MOV00336,TRN17016,Express,C5,DOWN,2026-09-30 02:45:00,2026-09-30 04:58:00,133,45,False,High
MOV00337,TRN17017,Superfast,C2,DOWN,2026-09-30 14:00:00,2026-09-30 15:41:00,101,90,False,High
MOV00338,TRN17018,Freight,C1,DOWN,2026-09-30 08:00:00,2026-09-30 10:05:00,125,60,True,Medium
MOV00339,TRN17019,Passenger,C1,DOWN,2026-09-30 11:00:00,2026-09-30 12:39:00,99,45,False,Medium
MOV00340,TRN17020,Passenger,C4,UP,2026-09-30 09:45:00,2026-09-30 10:38:00,53,60,True,Medium
MOV00341,TRN18001,Superfast,C3,DOWN,2026-10-01 14:45:00,2026-10-01 16:03:00,78,45,False,High
MOV00342,TRN18002,Express,C3,UP,2026-10-01 05:45:00,2026-10-01 07:22:00,97,60,False,High
MOV00343,TRN18003,Express,C1,UP,2026-10-01 09:45:00,2026-10-01 11:41:00,116,130,True,High
MOV00344,TRN18004,Superfast,C5,DOWN,2026-10-01 07:15:00,2026-10-01 08:43:00,88,75,True,High
MOV00345,TRN18005,Express,C3,UP,2026-10-01 03:00:00,2026-10-01 05:13:00,133,130,False,High
MOV00346,TRN18006,Superfast,C5,UP,2026-10-01 07:15:00,2026-10-01 07:53:00,38,45,True,High
MOV00347,TRN18007,Passenger,C4,UP,2026-10-01 07:00:00,2026-10-01 08:21:00,81,90,True,Medium
MOV00348,TRN18008,Express,C5,UP,2026-10-01 01:15:00,2026-10-01 02:49:00,94,75,False,High
MOV00349,TRN18009,Express,C5,DOWN,2026-10-01 18:30:00,2026-10-01 19:30:00,60,75,True,High
MOV00350,TRN18010,Express,C5,UP,2026-10-01 13:30:00,2026-10-01 14:35:00,65,45,False,High
MOV00351,TRN18011,Express,C4,DOWN,2026-10-01 01:30:00,2026-10-01 04:00:00,150,130,False,High
MOV00352,TRN18012,Superfast,C5,DOWN,2026-10-01 22:45:00,2026-10-02 00:07:00,82,60,False,High
MOV00353,TRN18013,Freight,C4,UP,2026-10-01 17:45:00,2026-10-01 18:45:00,60,60,True,Medium
MOV00354,TRN18014,Freight,C2,DOWN,2026-10-01 01:45:00,2026-10-01 03:08:00,83,110,False,Medium
MOV00355,TRN18015,Express,C4,UP,2026-10-01 08:15:00,2026-10-01 09:27:00,72,130,True,High
MOV00356,TRN18016,Passenger,C4,DOWN,2026-10-01 02:15:00,2026-10-01 02:51:00,36,75,False,Medium
MOV00357,TRN18017,Superfast,C5,UP,2026-10-01 02:15:00,2026-10-01 04:27:00,132,110,False,High
MOV00358,TRN18018,Express,C4,UP,2026-10-01 10:30:00,2026-10-01 12:56:00,146,45,False,High
MOV00359,TRN18019,Express,C2,UP,2026-10-01 15:15:00,2026-10-01 17:14:00,119,110,False,High
MOV00360,TRN18020,Express,C4,UP,2026-10-01 17:30:00,2026-10-01 19:39:00,129,75,True,High
MOV00361,TRN19001,Superfast,C4,DOWN,2026-10-02 09:30:00,2026-10-02 10:46:00,76,110,True,High
MOV00362,TRN19002,Superfast,C4,UP,2026-10-02 15:30:00,2026-10-02 17:57:00,147,60,False,High
MOV00363,TRN19003,Freight,C3,DOWN,2026-10-02 01:15:00,2026-10-02 03:19:00,124,60,False,Medium
MOV00364,TRN19004,Passenger,C3,DOWN,2026-10-02 09:15:00,2026-10-02 10:10:00,55,75,True,Medium
MOV00365,TRN19005,Express,C4,UP,2026-10-02 15:30:00,2026-10-02 16:32:00,62,90,False,High
MOV00366,TRN19006,Superfast,C4,UP,2026-10-02 11:15:00,2026-10-02 12:02:00,47,130,False,High
MOV00367,TRN19007,Superfast,C2,UP,2026-10-02 16:00:00,2026-10-02 18:17:00,137,45,False,High
MOV00368,TRN19008,Passenger,C1,DOWN,2026-10-02 04:15:00,2026-10-02 04:53:00,38,130,False,Medium
MOV00369,TRN19009,Express,C1,UP,2026-10-02 16:45:00,2026-10-02 18:02:00,77,45,False,High
MOV00370,TRN19010,Superfast,C4,UP,2026-10-02 00:45:00,2026-10-02 01:16:00,31,45,False,High
MOV00371,TRN19011,Freight,C5,DOWN,2026-10-02 00:45:00,2026-10-02 02:58:00,133,60,False,Medium
MOV00372,TRN19012,Passenger,C1,UP,2026-10-02 07:15:00,2026-10-02 09:04:00,109,110,True,Medium
MOV00373,TRN19013,Freight,C3,DOWN,2026-10-02 12:00:00,2026-10-02 13:17:00,77,90,False,Medium
MOV00374,TRN19014,Superfast,C5,UP,2026-10-02 22:15:00,2026-10-02 23:23:00,68,130,False,High
MOV00375,TRN19015,Passenger,C1,UP,2026-10-02 12:45:00,2026-10-02 14:03:00,78,110,False,Medium
MOV00376,TRN19016,Superfast,C1,UP,2026-10-02 22:15:00,2026-10-02 22:55:00,40,90,False,High
MOV00377,TRN19017,Superfast,C3,UP,2026-10-02 16:00:00,2026-10-02 16:59:00,59,60,False,High
MOV00378,TRN19018,Superfast,C3,UP,2026-10-02 02:30:00,2026-10-02 04:55:00,145,110,False,High
MOV00379,TRN19019,Passenger,C2,DOWN,2026-10-02 00:15:00,2026-10-02 02:00:00,105,60,False,Medium
MOV00380,TRN19020,Superfast,C1,DOWN,2026-10-02 05:15:00,2026-10-02 06:57:00,102,90,False,High
MOV00381,TRN20001,Freight,C4,UP,2026-10-03 22:00:00,2026-10-03 23:34:00,94,130,False,Medium
MOV00382,TRN20002,Freight,C1,UP,2026-10-03 13:15:00,2026-10-03 15:32:00,137,45,False,Medium
MOV00383,TRN20003,Freight,C5,DOWN,2026-10-03 10:00:00,2026-10-03 11:51:00,111,75,False,Medium
MOV00384,TRN20004,Superfast,C4,UP,2026-10-03 11:45:00,2026-10-03 13:10:00,85,60,False,High
MOV00385,TRN20005,Superfast,C1,DOWN,2026-10-03 07:00:00,2026-10-03 07:40:00,40,75,True,High
MOV00386,TRN20006,Express,C4,UP,2026-10-03 12:30:00,2026-10-03 13:46:00,76,45,False,High
MOV00387,TRN20007,Passenger,C1,DOWN,2026-10-03 14:30:00,2026-10-03 16:37:00,127,75,False,Medium
MOV00388,TRN20008,Passenger,C2,UP,2026-10-03 05:45:00,2026-10-03 07:12:00,87,110,False,Medium
MOV00389,TRN20009,Superfast,C1,UP,2026-10-03 02:30:00,2026-10-03 04:10:00,100,45,False,High
MOV00390,TRN20010,Freight,C4,UP,2026-10-03 09:45:00,2026-10-03 11:04:00,79,45,True,Medium
MOV00391,TRN20011,Express,C5,UP,2026-10-03 21:45:00,2026-10-03 22:36:00,51,60,False,High
MOV00392,TRN20012,Freight,C3,DOWN,2026-10-03 15:15:00,2026-10-03 15:53:00,38,60,False,Medium
MOV00393,TRN20013,Superfast,C3,DOWN,2026-10-03 09:45:00,2026-10-03 11:55:00,130,45,True,High
MOV00394,TRN20014,Freight,C3,UP,2026-10-03 20:45:00,2026-10-03 22:31:00,106,110,True,Medium
MOV00395,TRN20015,Express,C4,UP,2026-10-03 04:30:00,2026-10-03 05:00:00,30,90,False,High
MOV00396,TRN20016,Freight,C5,DOWN,2026-10-03 10:45:00,2026-10-03 11:57:00,72,90,False,Medium
MOV00397,TRN20017,Express,C3,DOWN,2026-10-03 19:15:00,2026-10-03 20:46:00,91,75,True,High
MOV00398,TRN20018,Express,C4,DOWN,2026-10-03 09:45:00,2026-10-03 11:28:00,103,60,True,High
MOV00399,TRN20019,Freight,C4,DOWN,2026-10-03 12:30:00,2026-10-03 13:14:00,44,110,False,Medium
MOV00400,TRN20020,Express,C5,UP,2026-10-03 21:00:00,2026-10-03 23:03:00,123,90,False,High
MOV00401,TRN21001,Express,C4,DOWN,2026-10-04 22:00:00,2026-10-05 00:14:00,134,90,False,High
MOV00402,TRN21002,Superfast,C2,DOWN,2026-10-04 07:30:00,2026-10-04 09:24:00,114,60,True,High
MOV00403,TRN21003,Superfast,C4,UP,2026-10-04 14:45:00,2026-10-04 16:29:00,104,90,False,High
MOV00404,TRN21004,Superfast,C5,UP,2026-10-04 11:00:00,2026-10-04 11:43:00,43,60,False,High
MOV00405,TRN21005,Freight,C2,UP,2026-10-04 18:45:00,2026-10-04 20:51:00,126,75,True,Medium
MOV00406,TRN21006,Superfast,C1,UP,2026-10-04 03:30:00,2026-10-04 04:28:00,58,110,False,High
MOV00407,TRN21007,Express,C4,DOWN,2026-10-04 12:45:00,2026-10-04 14:53:00,128,130,False,High
MOV00408,TRN21008,Express,C3,UP,2026-10-04 15:00:00,2026-10-04 16:07:00,67,90,False,High
MOV00409,TRN21009,Passenger,C1,UP,2026-10-04 11:30:00,2026-10-04 12:43:00,73,90,False,Medium
MOV00410,TRN21010,Express,C5,DOWN,2026-10-04 11:45:00,2026-10-04 12:27:00,42,90,False,High
MOV00411,TRN21011,Superfast,C3,UP,2026-10-04 09:00:00,2026-10-04 11:13:00,133,130,True,High
MOV00412,TRN21012,Passenger,C1,DOWN,2026-10-04 20:00:00,2026-10-04 21:56:00,116,60,True,Medium
MOV00413,TRN21013,Express,C5,UP,2026-10-04 17:15:00,2026-10-04 18:27:00,72,110,True,High
MOV00414,TRN21014,Superfast,C4,UP,2026-10-04 12:15:00,2026-10-04 13:08:00,53,130,False,High
MOV00415,TRN21015,Superfast,C4,UP,2026-10-04 19:15:00,2026-10-04 20:42:00,87,110,True,High
MOV00416,TRN21016,Superfast,C4,UP,2026-10-04 22:15:00,2026-10-04 23:11:00,56,75,False,High
MOV00417,TRN21017,Passenger,C5,UP,2026-10-04 17:15:00,2026-10-04 18:31:00,76,75,True,Medium
MOV00418,TRN21018,Express,C4,UP,2026-10-04 08:45:00,2026-10-04 10:22:00,97,130,True,High
MOV00419,TRN21019,Freight,C5,DOWN,2026-10-04 19:45:00,2026-10-04 21:30:00,105,45,True,Medium
MOV00420,TRN21020,Freight,C3,DOWN,2026-10-04 19:15:00,2026-10-04 21:29:00,134,130,True,Medium
MOV00421,TRN22001,Freight,C5,UP,2026-10-05 21:15:00,2026-10-05 22:25:00,70,45,False,Medium
MOV00422,TRN22002,Express,C3,UP,2026-10-05 05:30:00,2026-10-05 07:28:00,118,60,False,High
MOV00423,TRN22003,Superfast,C4,UP,2026-10-05 18:45:00,2026-10-05 20:09:00,84,60,True,High
MOV00424,TRN22004,Superfast,C5,UP,2026-10-05 17:15:00,2026-10-05 18:47:00,92,75,True,High
MOV00425,TRN22005,Express,C2,DOWN,2026-10-05 14:00:00,2026-10-05 16:20:00,140,75,False,High
MOV00426,TRN22006,Passenger,C4,UP,2026-10-05 06:45:00,2026-10-05 08:26:00,101,110,False,Medium
MOV00427,TRN22007,Superfast,C4,DOWN,2026-10-05 13:45:00,2026-10-05 15:17:00,92,60,False,High
MOV00428,TRN22008,Passenger,C5,UP,2026-10-05 07:30:00,2026-10-05 08:04:00,34,75,True,Medium
MOV00429,TRN22009,Express,C5,DOWN,2026-10-05 05:45:00,2026-10-05 07:27:00,102,130,False,High
MOV00430,TRN22010,Superfast,C5,UP,2026-10-05 18:00:00,2026-10-05 19:04:00,64,110,True,High
MOV00431,TRN22011,Freight,C5,UP,2026-10-05 14:15:00,2026-10-05 15:39:00,84,45,False,Medium
MOV00432,TRN22012,Express,C3,UP,2026-10-05 14:30:00,2026-10-05 15:44:00,74,45,False,High
MOV00433,TRN22013,Superfast,C1,UP,2026-10-05 06:30:00,2026-10-05 08:50:00,140,130,False,High
MOV00434,TRN22014,Superfast,C2,UP,2026-10-05 06:15:00,2026-10-05 08:28:00,133,45,False,High
MOV00435,TRN22015,Freight,C5,DOWN,2026-10-05 19:15:00,2026-10-05 20:26:00,71,130,True,Medium
MOV00436,TRN22016,Freight,C3,DOWN,2026-10-05 16:00:00,2026-10-05 16:47:00,47,90,False,Medium
MOV00437,TRN22017,Passenger,C3,UP,2026-10-05 22:15:00,2026-10-05 23:16:00,61,60,False,Medium
MOV00438,TRN22018,Freight,C2,DOWN,2026-10-05 15:15:00,2026-10-05 16:58:00,103,130,False,Medium
MOV00439,TRN22019,Freight,C4,DOWN,2026-10-05 14:00:00,2026-10-05 15:51:00,111,45,False,Medium
MOV00440,TRN22020,Superfast,C5,DOWN,2026-10-05 22:30:00,2026-10-05 23:58:00,88,90,False,High
MOV00441,TRN23001,Freight,C5,UP,2026-10-06 02:45:00,2026-10-06 04:36:00,111,130,False,Medium
MOV00442,TRN23002,Freight,C1,DOWN,2026-10-06 06:45:00,2026-10-06 09:00:00,135,60,False,Medium
MOV00443,TRN23003,Superfast,C3,DOWN,2026-10-06 09:30:00,2026-10-06 11:10:00,100,110,True,High
MOV00444,TRN23004,Express,C5,DOWN,2026-10-06 10:00:00,2026-10-06 10:35:00,35,45,False,High
MOV00445,TRN23005,Superfast,C1,UP,2026-10-06 05:45:00,2026-10-06 07:13:00,88,45,False,High
MOV00446,TRN23006,Superfast,C2,UP,2026-10-06 20:30:00,2026-10-06 21:20:00,50,75,True,High
MOV00447,TRN23007,Passenger,C3,DOWN,2026-10-06 02:30:00,2026-10-06 04:25:00,115,130,False,Medium
MOV00448,TRN23008,Express,C1,DOWN,2026-10-06 20:30:00,2026-10-06 22:32:00,122,130,True,High
MOV00449,TRN23009,Express,C4,UP,2026-10-06 22:00:00,2026-10-06 22:30:00,30,60,False,High
MOV00450,TRN23010,Superfast,C1,UP,2026-10-06 18:15:00,2026-10-06 19:51:00,96,130,True,High
MOV00451,TRN23011,Superfast,C1,UP,2026-10-06 22:30:00,2026-10-07 00:44:00,134,45,False,High
MOV00452,TRN23012,Superfast,C2,DOWN,2026-10-06 02:15:00,2026-10-06 03:34:00,79,45,False,High
MOV00453,TRN23013,Passenger,C1,DOWN,2026-10-06 11:30:00,2026-10-06 12:17:00,47,90,False,Medium
MOV00454,TRN23014,Express,C2,UP,2026-10-06 16:00:00,2026-10-06 17:48:00,108,130,False,High
MOV00455,TRN23015,Express,C4,DOWN,2026-10-06 06:15:00,2026-10-06 08:42:00,147,90,False,High
MOV00456,TRN23016,Superfast,C2,UP,2026-10-06 03:15:00,2026-10-06 05:21:00,126,45,False,High
MOV00457,TRN23017,Superfast,C3,DOWN,2026-10-06 10:15:00,2026-10-06 11:16:00,61,75,False,High
MOV00458,TRN23018,Passenger,C2,DOWN,2026-10-06 22:00:00,2026-10-07 00:18:00,138,130,False,Medium
MOV00459,TRN23019,Freight,C2,UP,2026-10-06 12:30:00,2026-10-06 14:22:00,112,45,False,Medium
MOV00460,TRN23020,Express,C4,DOWN,2026-10-06 03:15:00,2026-10-06 04:48:00,93,130,False,High
MOV00461,TRN24001,Passenger,C5,UP,2026-10-07 11:30:00,2026-10-07 12:16:00,46,90,False,Medium
MOV00462,TRN24002,Superfast,C3,UP,2026-10-07 15:00:00,2026-10-07 15:32:00,32,110,False,High
MOV00463,TRN24003,Passenger,C1,DOWN,2026-10-07 06:00:00,2026-10-07 08:28:00,148,45,False,Medium
MOV00464,TRN24004,Superfast,C5,DOWN,2026-10-07 20:45:00,2026-10-07 22:09:00,84,130,True,High
MOV00465,TRN24005,Superfast,C1,UP,2026-10-07 08:00:00,2026-10-07 09:09:00,69,45,True,High
MOV00466,TRN24006,Express,C2,DOWN,2026-10-07 12:00:00,2026-10-07 13:09:00,69,130,False,High
MOV00467,TRN24007,Superfast,C2,UP,2026-10-07 07:00:00,2026-10-07 09:28:00,148,90,True,High
MOV00468,TRN24008,Passenger,C4,UP,2026-10-07 09:15:00,2026-10-07 10:00:00,45,45,True,Medium
MOV00469,TRN24009,Express,C1,UP,2026-10-07 15:30:00,2026-10-07 17:06:00,96,110,False,High
MOV00470,TRN24010,Freight,C2,DOWN,2026-10-07 04:30:00,2026-10-07 06:33:00,123,45,False,Medium
MOV00471,TRN24011,Passenger,C3,DOWN,2026-10-07 08:00:00,2026-10-07 09:03:00,63,130,True,Medium
MOV00472,TRN24012,Passenger,C4,DOWN,2026-10-07 16:30:00,2026-10-07 17:07:00,37,90,False,Medium
MOV00473,TRN24013,Express,C3,UP,2026-10-07 08:00:00,2026-10-07 10:24:00,144,110,True,High
MOV00474,TRN24014,Passenger,C2,UP,2026-10-07 01:00:00,2026-10-07 02:01:00,61,45,False,Medium
MOV00475,TRN24015,Superfast,C3,DOWN,2026-10-07 04:15:00,2026-10-07 06:44:00,149,45,False,High
MOV00476,TRN24016,Superfast,C2,DOWN,2026-10-07 07:45:00,2026-10-07 10:12:00,147,130,True,High
MOV00477,TRN24017,Freight,C3,UP,2026-10-07 18:30:00,2026-10-07 19:15:00,45,110,True,Medium
MOV00478,TRN24018,Passenger,C2,UP,2026-10-07 16:00:00,2026-10-07 17:21:00,81,45,False,Medium
MOV00479,TRN24019,Superfast,C3,DOWN,2026-10-07 10:00:00,2026-10-07 11:40:00,100,90,False,High
MOV00480,TRN24020,Passenger,C3,UP,2026-10-07 09:30:00,2026-10-07 11:34:00,124,110,True,Medium
MOV00481,TRN25001,Express,C4,DOWN,2026-10-08 18:45:00,2026-10-08 20:53:00,128,60,True,High
MOV00482,TRN25002,Express,C2,UP,2026-10-08 13:00:00,2026-10-08 13:59:00,59,110,False,High
MOV00483,TRN25003,Freight,C1,DOWN,2026-10-08 00:45:00,2026-10-08 03:03:00,138,130,False,Medium
MOV00484,TRN25004,Freight,C1,UP,2026-10-08 16:15:00,2026-10-08 17:38:00,83,90,False,Medium
MOV00485,TRN25005,Passenger,C2,DOWN,2026-10-08 02:00:00,2026-10-08 04:27:00,147,60,False,Medium
MOV00486,TRN25006,Superfast,C3,DOWN,2026-10-08 02:00:00,2026-10-08 03:34:00,94,60,False,High
MOV00487,TRN25007,Superfast,C1,UP,2026-10-08 13:15:00,2026-10-08 14:15:00,60,75,False,High
MOV00488,TRN25008,Freight,C3,DOWN,2026-10-08 22:30:00,2026-10-08 23:40:00,70,90,False,Medium
MOV00489,TRN25009,Freight,C2,UP,2026-10-08 06:15:00,2026-10-08 08:24:00,129,110,False,Medium
MOV00490,TRN25010,Passenger,C2,UP,2026-10-08 05:45:00,2026-10-08 07:14:00,89,75,False,Medium
MOV00491,TRN25011,Superfast,C1,DOWN,2026-10-08 06:45:00,2026-10-08 07:54:00,69,90,False,High
MOV00492,TRN25012,Freight,C1,UP,2026-10-08 05:30:00,2026-10-08 07:45:00,135,130,False,Medium
MOV00493,TRN25013,Passenger,C2,DOWN,2026-10-08 04:00:00,2026-10-08 06:01:00,121,60,False,Medium
MOV00494,TRN25014,Freight,C4,UP,2026-10-08 21:30:00,2026-10-08 22:33:00,63,60,False,Medium
MOV00495,TRN25015,Passenger,C4,DOWN,2026-10-08 17:15:00,2026-10-08 17:57:00,42,90,True,Medium
MOV00496,TRN25016,Passenger,C2,UP,2026-10-08 00:00:00,2026-10-08 02:16:00,136,60,False,Medium
MOV00497,TRN25017,Express,C2,DOWN,2026-10-08 11:00:00,2026-10-08 12:44:00,104,110,False,High
MOV00498,TRN25018,Freight,C1,UP,2026-10-08 02:15:00,2026-10-08 04:40:00,145,130,False,Medium
MOV00499,TRN25019,Superfast,C2,UP,2026-10-08 10:00:00,2026-10-08 10:35:00,35,90,False,High
MOV00500,TRN25020,Passenger,C2,DOWN,2026-10-08 12:45:00,2026-10-08 13:18:00,33,90,False,Medium
MOV00501,TRN26001,Superfast,C2,DOWN,2026-10-09 06:15:00,2026-10-09 07:20:00,65,75,False,High
MOV00502,TRN26002,Superfast,C2,UP,2026-10-09 19:15:00,2026-10-09 21:07:00,112,75,True,High
MOV00503,TRN26003,Superfast,C4,DOWN,2026-10-09 01:00:00,2026-10-09 02:05:00,65,90,False,High
MOV00504,TRN26004,Express,C4,UP,2026-10-09 20:15:00,2026-10-09 22:05:00,110,110,True,High
MOV00505,TRN26005,Passenger,C4,DOWN,2026-10-09 15:45:00,2026-10-09 16:59:00,74,110,False,Medium
MOV00506,TRN26006,Freight,C4,DOWN,2026-10-09 05:00:00,2026-10-09 06:10:00,70,110,False,Medium
MOV00507,TRN26007,Express,C1,DOWN,2026-10-09 01:45:00,2026-10-09 03:22:00,97,75,False,High
MOV00508,TRN26008,Express,C2,UP,2026-10-09 07:15:00,2026-10-09 08:19:00,64,110,True,High
MOV00509,TRN26009,Passenger,C2,DOWN,2026-10-09 11:15:00,2026-10-09 12:07:00,52,60,False,Medium
MOV00510,TRN26010,Freight,C3,UP,2026-10-09 22:30:00,2026-10-10 00:12:00,102,110,False,Medium
MOV00511,TRN26011,Express,C5,UP,2026-10-09 15:30:00,2026-10-09 16:22:00,52,90,False,High
MOV00512,TRN26012,Passenger,C1,UP,2026-10-09 07:15:00,2026-10-09 07:47:00,32,110,True,Medium
MOV00513,TRN26013,Superfast,C1,DOWN,2026-10-09 19:15:00,2026-10-09 21:28:00,133,60,True,High
MOV00514,TRN26014,Freight,C2,DOWN,2026-10-09 01:00:00,2026-10-09 01:48:00,48,110,False,Medium
MOV00515,TRN26015,Express,C1,DOWN,2026-10-09 02:30:00,2026-10-09 04:30:00,120,130,False,High
MOV00516,TRN26016,Superfast,C5,UP,2026-10-09 10:30:00,2026-10-09 11:41:00,71,60,False,High
MOV00517,TRN26017,Express,C4,DOWN,2026-10-09 20:30:00,2026-10-09 21:22:00,52,130,True,High
MOV00518,TRN26018,Freight,C2,UP,2026-10-09 12:30:00,2026-10-09 14:33:00,123,130,False,Medium
MOV00519,TRN26019,Freight,C2,UP,2026-10-09 00:45:00,2026-10-09 03:03:00,138,110,False,Medium
MOV00520,TRN26020,Passenger,C2,DOWN,2026-10-09 19:15:00,2026-10-09 21:06:00,111,110,True,Medium
MOV00521,TRN27001,Passenger,C4,UP,2026-10-10 10:00:00,2026-10-10 11:00:00,60,75,False,Medium
MOV00522,TRN27002,Freight,C2,UP,2026-10-10 22:30:00,2026-10-10 23:57:00,87,45,False,Medium
MOV00523,TRN27003,Freight,C2,UP,2026-10-10 22:00:00,2026-10-10 23:14:00,74,75,False,Medium
MOV00524,TRN27004,Passenger,C1,UP,2026-10-10 12:45:00,2026-10-10 14:48:00,123,90,False,Medium
MOV00525,TRN27005,Express,C4,DOWN,2026-10-10 12:30:00,2026-10-10 14:09:00,99,90,False,High
MOV00526,TRN27006,Passenger,C4,UP,2026-10-10 05:45:00,2026-10-10 06:24:00,39,45,False,Medium
MOV00527,TRN27007,Freight,C1,DOWN,2026-10-10 08:00:00,2026-10-10 08:39:00,39,75,True,Medium
MOV00528,TRN27008,Express,C4,UP,2026-10-10 02:00:00,2026-10-10 03:13:00,73,110,False,High
MOV00529,TRN27009,Superfast,C1,DOWN,2026-10-10 20:15:00,2026-10-10 22:02:00,107,90,True,High
MOV00530,TRN27010,Express,C1,UP,2026-10-10 10:15:00,2026-10-10 11:09:00,54,90,False,High
MOV00531,TRN27011,Freight,C3,DOWN,2026-10-10 07:00:00,2026-10-10 07:36:00,36,90,True,Medium
MOV00532,TRN27012,Superfast,C2,UP,2026-10-10 11:00:00,2026-10-10 12:24:00,84,45,False,High
MOV00533,TRN27013,Freight,C5,DOWN,2026-10-10 06:00:00,2026-10-10 06:33:00,33,60,False,Medium
MOV00534,TRN27014,Express,C3,UP,2026-10-10 15:00:00,2026-10-10 16:09:00,69,90,False,High
MOV00535,TRN27015,Superfast,C4,DOWN,2026-10-10 02:45:00,2026-10-10 03:38:00,53,75,False,High
MOV00536,TRN27016,Superfast,C3,UP,2026-10-10 14:00:00,2026-10-10 15:03:00,63,90,False,High
MOV00537,TRN27017,Superfast,C3,UP,2026-10-10 08:00:00,2026-10-10 08:49:00,49,130,True,High
MOV00538,TRN27018,Passenger,C1,DOWN,2026-10-10 17:45:00,2026-10-10 19:51:00,126,110,True,Medium
MOV00539,TRN27019,Express,C5,UP,2026-10-10 12:45:00,2026-10-10 14:23:00,98,130,False,High
MOV00540,TRN27020,Superfast,C5,UP,2026-10-10 15:30:00,2026-10-10 16:10:00,40,90,False,High
MOV00541,TRN28001,Passenger,C5,UP,2026-10-11 03:45:00,2026-10-11 04:37:00,52,60,False,Medium
MOV00542,TRN28002,Express,C2,UP,2026-10-11 01:45:00,2026-10-11 02:25:00,40,130,False,High
MOV00543,TRN28003,Superfast,C2,UP,2026-10-11 19:30:00,2026-10-11 20:40:00,70,130,True,High
MOV00544,TRN28004,Passenger,C1,DOWN,2026-10-11 17:45:00,2026-10-11 19:25:00,100,75,True,Medium
MOV00545,TRN28005,Freight,C5,DOWN,2026-10-11 00:45:00,2026-10-11 01:29:00,44,90,False,Medium
MOV00546,TRN28006,Express,C2,UP,2026-10-11 03:00:00,2026-10-11 05:10:00,130,75,False,High
MOV00547,TRN28007,Freight,C4,DOWN,2026-10-11 12:45:00,2026-10-11 14:28:00,103,110,False,Medium
MOV00548,TRN28008,Superfast,C1,UP,2026-10-11 08:45:00,2026-10-11 09:33:00,48,110,True,High
MOV00549,TRN28009,Superfast,C1,DOWN,2026-10-11 10:15:00,2026-10-11 10:51:00,36,130,False,High
MOV00550,TRN28010,Superfast,C3,DOWN,2026-10-11 00:30:00,2026-10-11 02:44:00,134,75,False,High
MOV00551,TRN28011,Freight,C3,DOWN,2026-10-11 22:00:00,2026-10-12 00:21:00,141,60,False,Medium
MOV00552,TRN28012,Express,C3,DOWN,2026-10-11 10:30:00,2026-10-11 12:33:00,123,90,False,High
MOV00553,TRN28013,Passenger,C2,DOWN,2026-10-11 06:45:00,2026-10-11 08:49:00,124,90,False,Medium
MOV00554,TRN28014,Freight,C1,UP,2026-10-11 02:30:00,2026-10-11 04:30:00,120,110,False,Medium
MOV00555,TRN28015,Superfast,C2,UP,2026-10-11 05:15:00,2026-10-11 07:37:00,142,60,False,High
MOV00556,TRN28016,Passenger,C2,UP,2026-10-11 14:00:00,2026-10-11 16:27:00,147,75,False,Medium
MOV00557,TRN28017,Express,C3,DOWN,2026-10-11 14:45:00,2026-10-11 16:36:00,111,45,False,High
MOV00558,TRN28018,Passenger,C2,DOWN,2026-10-11 15:45:00,2026-10-11 16:37:00,52,90,False,Medium
MOV00559,TRN28019,Freight,C3,UP,2026-10-11 08:00:00,2026-10-11 09:06:00,66,45,True,Medium
MOV00560,TRN28020,Superfast,C1,UP,2026-10-11 18:15:00,2026-10-11 20:34:00,139,60,True,High
MOV00561,TRN29001,Express,C2,DOWN,2026-10-12 20:45:00,2026-10-12 22:20:00,95,45,True,High
MOV00562,TRN29002,Passenger,C4,UP,2026-10-12 20:15:00,2026-10-12 22:01:00,106,45,True,Medium
MOV00563,TRN29003,Express,C3,DOWN,2026-10-12 22:30:00,2026-10-12 23:54:00,84,90,False,High
MOV00564,TRN29004,Freight,C4,DOWN,2026-10-12 06:45:00,2026-10-12 07:53:00,68,130,False,Medium
MOV00565,TRN29005,Superfast,C5,UP,2026-10-12 00:30:00,2026-10-12 02:11:00,101,130,False,High
MOV00566,TRN29006,Freight,C3,UP,2026-10-12 15:00:00,2026-10-12 16:13:00,73,75,False,Medium
MOV00567,TRN29007,Freight,C3,DOWN,2026-10-12 20:30:00,2026-10-12 21:24:00,54,60,True,Medium
MOV00568,TRN29008,Express,C1,DOWN,2026-10-12 21:30:00,2026-10-12 23:27:00,117,60,False,High
MOV00569,TRN29009,Passenger,C4,DOWN,2026-10-12 08:45:00,2026-10-12 10:06:00,81,90,True,Medium
MOV00570,TRN29010,Passenger,C5,UP,2026-10-12 10:15:00,2026-10-12 12:12:00,117,110,False,Medium
MOV00571,TRN29011,Superfast,C3,DOWN,2026-10-12 05:15:00,2026-10-12 06:22:00,67,45,False,High
MOV00572,TRN29012,Superfast,C2,DOWN,2026-10-12 17:15:00,2026-10-12 19:12:00,117,75,True,High
MOV00573,TRN29013,Passenger,C2,DOWN,2026-10-12 07:30:00,2026-10-12 08:53:00,83,75,True,Medium
MOV00574,TRN29014,Freight,C3,DOWN,2026-10-12 14:00:00,2026-10-12 15:30:00,90,45,False,Medium
MOV00575,TRN29015,Passenger,C4,UP,2026-10-12 16:00:00,2026-10-12 18:21:00,141,130,False,Medium
MOV00576,TRN29016,Superfast,C5,DOWN,2026-10-12 13:00:00,2026-10-12 15:21:00,141,60,False,High
MOV00577,TRN29017,Express,C2,DOWN,2026-10-12 13:45:00,2026-10-12 14:33:00,48,75,False,High
MOV00578,TRN29018,Express,C1,DOWN,2026-10-12 10:15:00,2026-10-12 11:25:00,70,130,False,High
MOV00579,TRN29019,Passenger,C1,DOWN,2026-10-12 08:15:00,2026-10-12 10:22:00,127,60,True,Medium
MOV00580,TRN29020,Express,C4,UP,2026-10-12 04:45:00,2026-10-12 06:36:00,111,90,False,High
MOV00581,TRN30001,Superfast,C4,DOWN,2026-10-13 12:00:00,2026-10-13 12:34:00,34,110,False,High
MOV00582,TRN30002,Express,C3,UP,2026-10-13 10:15:00,2026-10-13 10:47:00,32,130,False,High
MOV00583,TRN30003,Passenger,C2,UP,2026-10-13 22:30:00,2026-10-13 23:39:00,69,60,False,Medium
MOV00584,TRN30004,Passenger,C4,DOWN,2026-10-13 05:00:00,2026-10-13 07:15:00,135,45,False,Medium
MOV00585,TRN30005,Freight,C3,DOWN,2026-10-13 16:30:00,2026-10-13 17:55:00,85,130,False,Medium
MOV00586,TRN30006,Express,C3,DOWN,2026-10-13 11:15:00,2026-10-13 12:06:00,51,90,False,High
MOV00587,TRN30007,Passenger,C2,UP,2026-10-13 04:15:00,2026-10-13 06:18:00,123,45,False,Medium
MOV00588,TRN30008,Express,C1,DOWN,2026-10-13 22:00:00,2026-10-13 23:18:00,78,130,False,High
MOV00589,TRN30009,Freight,C5,UP,2026-10-13 19:00:00,2026-10-13 20:54:00,114,45,True,Medium
MOV00590,TRN30010,Passenger,C1,UP,2026-10-13 13:45:00,2026-10-13 15:03:00,78,45,False,Medium
MOV00591,TRN30011,Freight,C4,UP,2026-10-13 06:00:00,2026-10-13 07:08:00,68,90,False,Medium
MOV00592,TRN30012,Passenger,C5,DOWN,2026-10-13 19:15:00,2026-10-13 20:38:00,83,45,True,Medium
MOV00593,TRN30013,Passenger,C3,UP,2026-10-13 03:45:00,2026-10-13 04:40:00,55,110,False,Medium
MOV00594,TRN30014,Express,C3,UP,2026-10-13 11:45:00,2026-10-13 12:52:00,67,60,False,High
MOV00595,TRN30015,Passenger,C5,DOWN,2026-10-13 06:45:00,2026-10-13 07:57:00,72,60,False,Medium
MOV00596,TRN30016,Passenger,C1,UP,2026-10-13 03:45:00,2026-10-13 04:34:00,49,45,False,Medium
MOV00597,TRN30017,Passenger,C1,DOWN,2026-10-13 20:15:00,2026-10-13 21:43:00,88,75,True,Medium
MOV00598,TRN30018,Freight,C4,UP,2026-10-13 03:15:00,2026-10-13 05:36:00,141,45,False,Medium
MOV00599,TRN30019,Freight,C3,DOWN,2026-10-13 13:00:00,2026-10-13 13:42:00,42,45,False,Medium
MOV00600,TRN30020,Passenger,C2,UP,2026-10-13 10:30:00,2026-10-13 12:54:00,144,90,False,Medium
